protein,length,iterations,algo,run_idx,energy,time_s
A1L190,88,1000,HC,1,-13,0.0146
A1L190,88,1000,SA,1,-9,0.0156
A1L190,88,1000,MC,1,-7,0.0153
A1L190,88,1000,HC,2,-13,0.0154
A1L190,88,1000,SA,2,-11,0.0166
A1L190,88,1000,MC,2,-7,0.0157
A1L190,88,1000,HC,3,-16,0.0152
A1L190,88,1000,SA,3,-12,0.0161
A1L190,88,1000,MC,3,-7,0.0158
A1L190,88,1000,HC,4,-10,0.0142
A1L190,88,1000,SA,4,-9,0.0155
A1L190,88,1000,MC,4,-9,0.0145
A1L190,88,1000,HC,5,-14,0.0148
A1L190,88,1000,SA,5,-10,0.0149
A1L190,88,1000,MC,5,-10,0.0150
A1L190,88,1000,HC,6,-11,0.0148
A1L190,88,1000,SA,6,-11,0.0150
A1L190,88,1000,MC,6,-8,0.0160
A1L190,88,1000,HC,7,-12,0.0143
A1L190,88,1000,SA,7,-9,0.0143
A1L190,88,1000,MC,7,-7,0.0151
A1L190,88,1000,HC,8,-8,0.0146
A1L190,88,1000,SA,8,-7,0.0143
A1L190,88,1000,MC,8,-9,0.0160
A1L190,88,1000,HC,9,-11,0.0146
A1L190,88,1000,SA,9,-13,0.0146
A1L190,88,1000,MC,9,-6,0.0153
A1L190,88,1000,HC,10,-14,0.0151
A1L190,88,1000,SA,10,-14,0.0154
A1L190,88,1000,MC,10,-8,0.0155
A1L190,88,10000,HC,1,-14,0.1241
A1L190,88,10000,SA,1,-20,0.1400
A1L190,88,10000,MC,1,-9,0.1544
A1L190,88,10000,HC,2,-17,0.1410
A1L190,88,10000,SA,2,-17,0.1457
A1L190,88,10000,MC,2,-12,0.1555
A1L190,88,10000,HC,3,-18,0.1320
A1L190,88,10000,SA,3,-22,0.1438
A1L190,88,10000,MC,3,-11,0.1556
A1L190,88,10000,HC,4,-20,0.1411
A1L190,88,10000,SA,4,-16,0.1481
A1L190,88,10000,MC,4,-10,0.1541
A1L190,88,10000,HC,5,-14,0.1293
A1L190,88,10000,SA,5,-20,0.1464
A1L190,88,10000,MC,5,-11,0.1565
A1L190,88,10000,HC,6,-16,0.1305
A1L190,88,10000,SA,6,-17,0.1502
A1L190,88,10000,MC,6,-12,0.1567
A1L190,88,10000,HC,7,-8,0.1297
A1L190,88,10000,SA,7,-20,0.1517
A1L190,88,10000,MC,7,-9,0.1537
A1L190,88,10000,HC,8,-17,0.1350
A1L190,88,10000,SA,8,-20,0.1461
A1L190,88,10000,MC,8,-12,0.1591
A1L190,88,10000,HC,9,-15,0.1202
A1L190,88,10000,SA,9,-13,0.1433
A1L190,88,10000,MC,9,-9,0.1563
A1L190,88,10000,HC,10,-14,0.1341
A1L190,88,10000,SA,10,-19,0.1412
A1L190,88,10000,MC,10,-12,0.1578
A1L190,88,50000,HC,1,-20,0.6802
A1L190,88,50000,SA,1,-19,0.7094
A1L190,88,50000,MC,1,-13,0.7709
A1L190,88,50000,HC,2,-16,0.6168
A1L190,88,50000,SA,2,-25,0.7081
A1L190,88,50000,MC,2,-12,0.7695
A1L190,88,50000,HC,3,-15,0.6006
A1L190,88,50000,SA,3,-20,0.7424
A1L190,88,50000,MC,3,-13,0.7682
A1L190,88,50000,HC,4,-18,0.6481
A1L190,88,50000,SA,4,-21,0.7088
A1L190,88,50000,MC,4,-14,0.7704
A1L190,88,50000,HC,5,-18,0.6216
A1L190,88,50000,SA,5,-22,0.7221
A1L190,88,50000,MC,5,-13,0.8283
A1L190,88,50000,HC,6,-19,0.6716
A1L190,88,50000,SA,6,-22,0.7226
A1L190,88,50000,MC,6,-11,0.7757
A1L190,88,50000,HC,7,-20,0.6489
A1L190,88,50000,SA,7,-20,0.7002
A1L190,88,50000,MC,7,-12,0.7765
A1L190,88,50000,HC,8,-15,0.6175
A1L190,88,50000,SA,8,-20,0.6859
A1L190,88,50000,MC,8,-11,0.7786
A1L190,88,50000,HC,9,-23,0.6328
A1L190,88,50000,SA,9,-21,0.7245
A1L190,88,50000,MC,9,-12,0.7739
A1L190,88,50000,HC,10,-11,0.6542
A1L190,88,50000,SA,10,-22,0.7058
A1L190,88,50000,MC,10,-12,0.7735
A1L190,88,100000,HC,1,-22,1.3259
A1L190,88,100000,SA,1,-21,1.4301
A1L190,88,100000,MC,1,-12,1.5431
A1L190,88,100000,HC,2,-19,1.1830
A1L190,88,100000,SA,2,-21,1.4120
A1L190,88,100000,MC,2,-14,1.5454
A1L190,88,100000,HC,3,-18,1.2524
A1L190,88,100000,SA,3,-21,1.4174
A1L190,88,100000,MC,3,-12,1.5419
A1L190,88,100000,HC,4,-17,1.3251
A1L190,88,100000,SA,4,-22,1.4429
A1L190,88,100000,MC,4,-13,1.5508
A1L190,88,100000,HC,5,-15,1.2137
A1L190,88,100000,SA,5,-23,1.4510
A1L190,88,100000,MC,5,-12,1.5679
A1L190,88,100000,HC,6,-19,1.3750
A1L190,88,100000,SA,6,-21,1.3562
A1L190,88,100000,MC,6,-13,1.5382
A1L190,88,100000,HC,7,-12,1.2608
A1L190,88,100000,SA,7,-19,1.3810
A1L190,88,100000,MC,7,-12,1.5472
A1L190,88,100000,HC,8,-17,1.2476
A1L190,88,100000,SA,8,-21,1.3928
A1L190,88,100000,MC,8,-13,1.5408
A1L190,88,100000,HC,9,-13,1.1982
A1L190,88,100000,SA,9,-20,1.4170
A1L190,88,100000,MC,9,-14,1.5400
A1L190,88,100000,HC,10,-18,1.2754
A1L190,88,100000,SA,10,-21,1.4138
A1L190,88,100000,MC,10,-13,1.5489
C9JLW8,97,1000,HC,1,-6,0.0139
C9JLW8,97,1000,SA,1,-6,0.0154
C9JLW8,97,1000,MC,1,-7,0.0158
C9JLW8,97,1000,HC,2,-11,0.0156
C9JLW8,97,1000,SA,2,-6,0.0157
C9JLW8,97,1000,MC,2,-4,0.0161
C9JLW8,97,1000,HC,3,-7,0.0146
C9JLW8,97,1000,SA,3,-10,0.0157
C9JLW8,97,1000,MC,3,-6,0.0159
C9JLW8,97,1000,HC,4,-7,0.0135
C9JLW8,97,1000,SA,4,-6,0.0148
C9JLW8,97,1000,MC,4,-6,0.0149
C9JLW8,97,1000,HC,5,-12,0.0151
C9JLW8,97,1000,SA,5,-10,0.0150
C9JLW8,97,1000,MC,5,-4,0.0151
C9JLW8,97,1000,HC,6,-9,0.0150
C9JLW8,97,1000,SA,6,-9,0.0149
C9JLW8,97,1000,MC,6,-3,0.0154
C9JLW8,97,1000,HC,7,-9,0.0144
C9JLW8,97,1000,SA,7,-7,0.0152
C9JLW8,97,1000,MC,7,-5,0.0156
C9JLW8,97,1000,HC,8,-7,0.0144
C9JLW8,97,1000,SA,8,-8,0.0153
C9JLW8,97,1000,MC,8,-3,0.0150
C9JLW8,97,1000,HC,9,-7,0.0152
C9JLW8,97,1000,SA,9,-9,0.0145
C9JLW8,97,1000,MC,9,-6,0.0150
C9JLW8,97,1000,HC,10,-3,0.0150
C9JLW8,97,1000,SA,10,-8,0.0155
C9JLW8,97,1000,MC,10,-7,0.0150
C9JLW8,97,10000,HC,1,-12,0.1472
C9JLW8,97,10000,SA,1,-15,0.1476
C9JLW8,97,10000,MC,1,-7,0.1502
C9JLW8,97,10000,HC,2,-11,0.1271
C9JLW8,97,10000,SA,2,-16,0.1483
C9JLW8,97,10000,MC,2,-8,0.1509
C9JLW8,97,10000,HC,3,-9,0.1276
C9JLW8,97,10000,SA,3,-16,0.1461
C9JLW8,97,10000,MC,3,-7,0.1507
C9JLW8,97,10000,HC,4,-14,0.1325
C9JLW8,97,10000,SA,4,-15,0.1483
C9JLW8,97,10000,MC,4,-8,0.1498
C9JLW8,97,10000,HC,5,-10,0.1341
C9JLW8,97,10000,SA,5,-14,0.1435
C9JLW8,97,10000,MC,5,-7,0.1511
C9JLW8,97,10000,HC,6,-10,0.1434
C9JLW8,97,10000,SA,6,-14,0.1433
C9JLW8,97,10000,MC,6,-8,0.1491
C9JLW8,97,10000,HC,7,-11,0.1293
C9JLW8,97,10000,SA,7,-12,0.1483
C9JLW8,97,10000,MC,7,-7,0.1479
C9JLW8,97,10000,HC,8,-9,0.1276
C9JLW8,97,10000,SA,8,-12,0.1449
C9JLW8,97,10000,MC,8,-7,0.1493
C9JLW8,97,10000,HC,9,-11,0.1285
C9JLW8,97,10000,SA,9,-12,0.1442
C9JLW8,97,10000,MC,9,-7,0.1499
C9JLW8,97,10000,HC,10,-11,0.1286
C9JLW8,97,10000,SA,10,-13,0.1417
C9JLW8,97,10000,MC,10,-8,0.1495
C9JLW8,97,50000,HC,1,-11,0.6536
C9JLW8,97,50000,SA,1,-15,0.6806
C9JLW8,97,50000,MC,1,-9,0.7512
C9JLW8,97,50000,HC,2,-11,0.6150
C9JLW8,97,50000,SA,2,-16,0.7272
C9JLW8,97,50000,MC,2,-8,0.7577
C9JLW8,97,50000,HC,3,-13,0.6270
C9JLW8,97,50000,SA,3,-18,0.7231
C9JLW8,97,50000,MC,3,-10,0.7450
C9JLW8,97,50000,HC,4,-16,0.6535
C9JLW8,97,50000,SA,4,-20,0.7074
C9JLW8,97,50000,MC,4,-9,0.7510
C9JLW8,97,50000,HC,5,-15,0.6453
C9JLW8,97,50000,SA,5,-16,0.7013
C9JLW8,97,50000,MC,5,-7,0.7529
C9JLW8,97,50000,HC,6,-15,0.6284
C9JLW8,97,50000,SA,6,-16,0.7112
C9JLW8,97,50000,MC,6,-8,0.7500
C9JLW8,97,50000,HC,7,-13,0.6416
C9JLW8,97,50000,SA,7,-13,0.7105
C9JLW8,97,50000,MC,7,-8,0.7483
C9JLW8,97,50000,HC,8,-13,0.6478
C9JLW8,97,50000,SA,8,-15,0.7071
C9JLW8,97,50000,MC,8,-8,0.7474
C9JLW8,97,50000,HC,9,-13,0.6312
C9JLW8,97,50000,SA,9,-15,0.6918
C9JLW8,97,50000,MC,9,-8,0.7494
C9JLW8,97,50000,HC,10,-15,0.6827
C9JLW8,97,50000,SA,10,-14,0.7206
C9JLW8,97,50000,MC,10,-10,0.7561
C9JLW8,97,100000,HC,1,-17,1.3212
C9JLW8,97,100000,SA,1,-18,1.3647
C9JLW8,97,100000,MC,1,-8,1.4990
C9JLW8,97,100000,HC,2,-15,1.2777
C9JLW8,97,100000,SA,2,-15,1.4062
C9JLW8,97,100000,MC,2,-9,1.4985
C9JLW8,97,100000,HC,3,-7,1.3055
C9JLW8,97,100000,SA,3,-16,1.4428
C9JLW8,97,100000,MC,3,-9,1.5019
C9JLW8,97,100000,HC,4,-11,1.2742
C9JLW8,97,100000,SA,4,-17,1.4060
C9JLW8,97,100000,MC,4,-9,1.4998
C9JLW8,97,100000,HC,5,-11,1.2491
C9JLW8,97,100000,SA,5,-18,1.4758
C9JLW8,97,100000,MC,5,-10,1.5063
C9JLW8,97,100000,HC,6,-12,1.3052
C9JLW8,97,100000,SA,6,-19,1.4361
C9JLW8,97,100000,MC,6,-9,1.5100
C9JLW8,97,100000,HC,7,-13,1.2343
C9JLW8,97,100000,SA,7,-17,1.4040
C9JLW8,97,100000,MC,7,-8,1.5153
C9JLW8,97,100000,HC,8,-9,1.2611
C9JLW8,97,100000,SA,8,-19,1.4233
C9JLW8,97,100000,MC,8,-10,1.5113
C9JLW8,97,100000,HC,9,-12,1.3958
C9JLW8,97,100000,SA,9,-18,1.4570
C9JLW8,97,100000,MC,9,-9,1.5059
C9JLW8,97,100000,HC,10,-12,1.2547
C9JLW8,97,100000,SA,10,-12,1.3542
C9JLW8,97,100000,MC,10,-8,1.5010
O00168,92,1000,HC,1,-15,0.0154
O00168,92,1000,SA,1,-15,0.0163
O00168,92,1000,MC,1,-11,0.0163
O00168,92,1000,HC,2,-15,0.0162
O00168,92,1000,SA,2,-10,0.0156
O00168,92,1000,MC,2,-11,0.0166
O00168,92,1000,HC,3,-16,0.0154
O00168,92,1000,SA,3,-13,0.0165
O00168,92,1000,MC,3,-8,0.0168
O00168,92,1000,HC,4,-12,0.0149
O00168,92,1000,SA,4,-16,0.0157
O00168,92,1000,MC,4,-10,0.0167
O00168,92,1000,HC,5,-15,0.0148
O00168,92,1000,SA,5,-14,0.0160
O00168,92,1000,MC,5,-11,0.0166
O00168,92,1000,HC,6,-16,0.0148
O00168,92,1000,SA,6,-15,0.0164
O00168,92,1000,MC,6,-8,0.0166
O00168,92,1000,HC,7,-13,0.0148
O00168,92,1000,SA,7,-11,0.0169
O00168,92,1000,MC,7,-8,0.0162
O00168,92,1000,HC,8,-13,0.0151
O00168,92,1000,SA,8,-17,0.0161
O00168,92,1000,MC,8,-10,0.0167
O00168,92,1000,HC,9,-13,0.0156
O00168,92,1000,SA,9,-13,0.0157
O00168,92,1000,MC,9,-11,0.0162
O00168,92,1000,HC,10,-17,0.0160
O00168,92,1000,SA,10,-14,0.0157
O00168,92,1000,MC,10,-8,0.0168
O00168,92,10000,HC,1,-14,0.1640
O00168,92,10000,SA,1,-22,0.1527
O00168,92,10000,MC,1,-14,0.1603
O00168,92,10000,HC,2,-23,0.1474
O00168,92,10000,SA,2,-20,0.1506
O00168,92,10000,MC,2,-14,0.1609
O00168,92,10000,HC,3,-18,0.1426
O00168,92,10000,SA,3,-25,0.1554
O00168,92,10000,MC,3,-14,0.1600
O00168,92,10000,HC,4,-19,0.1358
O00168,92,10000,SA,4,-18,0.1507
O00168,92,10000,MC,4,-12,0.1618
O00168,92,10000,HC,5,-16,0.1429
O00168,92,10000,SA,5,-19,0.1486
O00168,92,10000,MC,5,-14,0.1608
O00168,92,10000,HC,6,-22,0.1320
O00168,92,10000,SA,6,-24,0.1537
O00168,92,10000,MC,6,-13,0.1604
O00168,92,10000,HC,7,-23,0.1471
O00168,92,10000,SA,7,-24,0.1610
O00168,92,10000,MC,7,-17,0.1607
O00168,92,10000,HC,8,-11,0.1312
O00168,92,10000,SA,8,-19,0.1501
O00168,92,10000,MC,8,-15,0.1612
O00168,92,10000,HC,9,-18,0.1414
O00168,92,10000,SA,9,-20,0.1477
O00168,92,10000,MC,9,-15,0.1594
O00168,92,10000,HC,10,-18,0.1403
O00168,92,10000,SA,10,-19,0.1494
O00168,92,10000,MC,10,-13,0.1617
O00168,92,50000,HC,1,-12,0.7178
O00168,92,50000,SA,1,-23,0.7309
O00168,92,50000,MC,1,-16,0.8212
O00168,92,50000,HC,2,-12,0.6203
O00168,92,50000,SA,2,-24,0.7480
O00168,92,50000,MC,2,-16,0.8061
O00168,92,50000,HC,3,-15,0.6563
O00168,92,50000,SA,3,-22,0.7503
O00168,92,50000,MC,3,-15,0.8060
O00168,92,50000,HC,4,-17,0.6797
O00168,92,50000,SA,4,-24,0.7323
O00168,92,50000,MC,4,-16,0.8061
O00168,92,50000,HC,5,-15,0.6574
O00168,92,50000,SA,5,-23,0.7536
O00168,92,50000,MC,5,-15,0.8053
O00168,92,50000,HC,6,-21,0.6823
O00168,92,50000,SA,6,-23,0.7705
O00168,92,50000,MC,6,-17,0.8067
O00168,92,50000,HC,7,-16,0.6585
O00168,92,50000,SA,7,-24,0.7376
O00168,92,50000,MC,7,-15,0.8044
O00168,92,50000,HC,8,-18,0.6642
O00168,92,50000,SA,8,-20,0.7461
O00168,92,50000,MC,8,-16,0.8056
O00168,92,50000,HC,9,-21,0.6343
O00168,92,50000,SA,9,-18,0.7165
O00168,92,50000,MC,9,-15,0.8088
O00168,92,50000,HC,10,-10,0.6264
O00168,92,50000,SA,10,-25,0.7211
O00168,92,50000,MC,10,-15,0.7994
O00168,92,100000,HC,1,-16,1.2803
O00168,92,100000,SA,1,-19,1.4807
O00168,92,100000,MC,1,-16,1.6068
O00168,92,100000,HC,2,-10,1.3732
O00168,92,100000,SA,2,-22,1.4581
O00168,92,100000,MC,2,-16,1.6078
O00168,92,100000,HC,3,-23,1.4049
O00168,92,100000,SA,3,-21,1.4967
O00168,92,100000,MC,3,-16,1.5966
O00168,92,100000,HC,4,-24,1.2211
O00168,92,100000,SA,4,-25,1.4390
O00168,92,100000,MC,4,-15,1.6133
O00168,92,100000,HC,5,-19,1.2546
O00168,92,100000,SA,5,-22,1.4353
O00168,92,100000,MC,5,-17,1.6137
O00168,92,100000,HC,6,-14,1.3951
O00168,92,100000,SA,6,-22,1.5034
O00168,92,100000,MC,6,-15,1.6169
O00168,92,100000,HC,7,-23,1.2308
O00168,92,100000,SA,7,-19,1.4886
O00168,92,100000,MC,7,-16,1.6103
O00168,92,100000,HC,8,-16,1.3242
O00168,92,100000,SA,8,-22,1.4534
O00168,92,100000,MC,8,-16,1.6122
O00168,92,100000,HC,9,-19,1.3058
O00168,92,100000,SA,9,-25,1.5250
O00168,92,100000,MC,9,-18,1.6200
O00168,92,100000,HC,10,-18,1.3402
O00168,92,100000,SA,10,-22,1.4759
O00168,92,100000,MC,10,-15,1.6198
O00453,97,1000,HC,1,-18,0.0165
O00453,97,1000,SA,1,-8,0.0159
O00453,97,1000,MC,1,-8,0.0173
O00453,97,1000,HC,2,-6,0.0152
O00453,97,1000,SA,2,-9,0.0174
O00453,97,1000,MC,2,-9,0.0172
O00453,97,1000,HC,3,-9,0.0156
O00453,97,1000,SA,3,-9,0.0168
O00453,97,1000,MC,3,-8,0.0168
O00453,97,1000,HC,4,-11,0.0152
O00453,97,1000,SA,4,-14,0.0174
O00453,97,1000,MC,4,-12,0.0162
O00453,97,1000,HC,5,-10,0.0158
O00453,97,1000,SA,5,-18,0.0170
O00453,97,1000,MC,5,-7,0.0170
O00453,97,1000,HC,6,-11,0.0152
O00453,97,1000,SA,6,-14,0.0164
O00453,97,1000,MC,6,-9,0.0161
O00453,97,1000,HC,7,-18,0.0166
O00453,97,1000,SA,7,-12,0.0163
O00453,97,1000,MC,7,-9,0.0174
O00453,97,1000,HC,8,-13,0.0152
O00453,97,1000,SA,8,-12,0.0167
O00453,97,1000,MC,8,-12,0.0170
O00453,97,1000,HC,9,-14,0.0162
O00453,97,1000,SA,9,-16,0.0159
O00453,97,1000,MC,9,-7,0.0168
O00453,97,1000,HC,10,-10,0.0156
O00453,97,1000,SA,10,-16,0.0153
O00453,97,1000,MC,10,-6,0.0177
O00453,97,10000,HC,1,-13,0.1588
O00453,97,10000,SA,1,-19,0.1549
O00453,97,10000,MC,1,-14,0.1668
O00453,97,10000,HC,2,-8,0.1407
O00453,97,10000,SA,2,-21,0.1599
O00453,97,10000,MC,2,-13,0.1675
O00453,97,10000,HC,3,-17,0.1436
O00453,97,10000,SA,3,-23,0.1538
O00453,97,10000,MC,3,-15,0.1648
O00453,97,10000,HC,4,-21,0.1481
O00453,97,10000,SA,4,-18,0.1557
O00453,97,10000,MC,4,-12,0.1666
O00453,97,10000,HC,5,-16,0.1383
O00453,97,10000,SA,5,-15,0.1491
O00453,97,10000,MC,5,-11,0.1674
O00453,97,10000,HC,6,-19,0.1341
O00453,97,10000,SA,6,-19,0.1574
O00453,97,10000,MC,6,-13,0.1669
O00453,97,10000,HC,7,-16,0.1412
O00453,97,10000,SA,7,-22,0.1597
O00453,97,10000,MC,7,-12,0.1671
O00453,97,10000,HC,8,-21,0.1353
O00453,97,10000,SA,8,-18,0.1549
O00453,97,10000,MC,8,-12,0.1676
O00453,97,10000,HC,9,-17,0.1424
O00453,97,10000,SA,9,-18,0.1554
O00453,97,10000,MC,9,-12,0.1664
O00453,97,10000,HC,10,-20,0.1483
O00453,97,10000,SA,10,-20,0.1573
O00453,97,10000,MC,10,-13,0.1672
O00453,97,50000,HC,1,-14,0.7371
O00453,97,50000,SA,1,-24,0.7849
O00453,97,50000,MC,1,-13,0.8299
O00453,97,50000,HC,2,-16,0.6567
O00453,97,50000,SA,2,-21,0.7567
O00453,97,50000,MC,2,-14,0.8270
O00453,97,50000,HC,3,-17,0.6773
O00453,97,50000,SA,3,-22,0.7652
O00453,97,50000,MC,3,-16,0.8289
O00453,97,50000,HC,4,-16,0.7198
O00453,97,50000,SA,4,-20,0.7722
O00453,97,50000,MC,4,-15,0.8266
O00453,97,50000,HC,5,-21,0.6681
O00453,97,50000,SA,5,-21,0.7469
O00453,97,50000,MC,5,-14,0.8305
O00453,97,50000,HC,6,-20,0.6975
O00453,97,50000,SA,6,-25,0.7390
O00453,97,50000,MC,6,-17,0.8215
O00453,97,50000,HC,7,-19,0.7432
O00453,97,50000,SA,7,-20,0.7352
O00453,97,50000,MC,7,-14,0.8242
O00453,97,50000,HC,8,-20,0.6656
O00453,97,50000,SA,8,-20,0.7329
O00453,97,50000,MC,8,-16,0.8291
O00453,97,50000,HC,9,-17,0.7152
O00453,97,50000,SA,9,-22,0.7534
O00453,97,50000,MC,9,-15,0.8309
O00453,97,50000,HC,10,-21,0.6850
O00453,97,50000,SA,10,-22,0.7763
O00453,97,50000,MC,10,-16,0.8325
O00453,97,100000,HC,1,-16,1.3483
O00453,97,100000,SA,1,-20,1.4826
O00453,97,100000,MC,1,-15,1.6598
O00453,97,100000,HC,2,-19,1.3258
O00453,97,100000,SA,2,-24,1.5352
O00453,97,100000,MC,2,-16,1.6708
O00453,97,100000,HC,3,-7,1.6213
O00453,97,100000,SA,3,-21,1.5027
O00453,97,100000,MC,3,-14,1.6637
O00453,97,100000,HC,4,-18,1.4321
O00453,97,100000,SA,4,-22,1.5345
O00453,97,100000,MC,4,-14,1.6844
O00453,97,100000,HC,5,-19,1.4957
O00453,97,100000,SA,5,-21,1.5490
O00453,97,100000,MC,5,-16,1.6708
O00453,97,100000,HC,6,-18,1.3060
O00453,97,100000,SA,6,-18,1.5385
O00453,97,100000,MC,6,-15,1.6624
O00453,97,100000,HC,7,-18,1.3465
O00453,97,100000,SA,7,-25,1.4855
O00453,97,100000,MC,7,-13,1.7157
O00453,97,100000,HC,8,-17,1.5325
O00453,97,100000,SA,8,-21,1.5173
O00453,97,100000,MC,8,-15,1.6959
O00453,97,100000,HC,9,-20,1.3948
O00453,97,100000,SA,9,-21,1.5757
O00453,97,100000,MC,9,-14,1.7040
O00453,97,100000,HC,10,-19,1.4050
O00453,97,100000,SA,10,-24,1.5024
O00453,97,100000,MC,10,-16,1.7156
O14949,82,1000,HC,1,-12,0.0144
O14949,82,1000,SA,1,-10,0.0150
O14949,82,1000,MC,1,-8,0.0146
O14949,82,1000,HC,2,-15,0.0141
O14949,82,1000,SA,2,-10,0.0153
O14949,82,1000,MC,2,-7,0.0145
O14949,82,1000,HC,3,-6,0.0141
O14949,82,1000,SA,3,-8,0.0143
O14949,82,1000,MC,3,-5,0.0149
O14949,82,1000,HC,4,-15,0.0139
O14949,82,1000,SA,4,-12,0.0150
O14949,82,1000,MC,4,-9,0.0154
O14949,82,1000,HC,5,-14,0.0131
O14949,82,1000,SA,5,-11,0.0143
O14949,82,1000,MC,5,-8,0.0157
O14949,82,1000,HC,6,-11,0.0130
O14949,82,1000,SA,6,-11,0.0159
O14949,82,1000,MC,6,-8,0.0157
O14949,82,1000,HC,7,-10,0.0138
O14949,82,1000,SA,7,-9,0.0149
O14949,82,1000,MC,7,-7,0.0151
O14949,82,1000,HC,8,-15,0.0140
O14949,82,1000,SA,8,-5,0.0142
O14949,82,1000,MC,8,-8,0.0155
O14949,82,1000,HC,9,-12,0.0143
O14949,82,1000,SA,9,-12,0.0144
O14949,82,1000,MC,9,-7,0.0149
O14949,82,1000,HC,10,-14,0.0142
O14949,82,1000,SA,10,-9,0.0132
O14949,82,1000,MC,10,-6,0.0150
O14949,82,10000,HC,1,-15,0.1233
O14949,82,10000,SA,1,-19,0.1419
O14949,82,10000,MC,1,-12,0.1493
O14949,82,10000,HC,2,-13,0.1215
O14949,82,10000,SA,2,-16,0.1362
O14949,82,10000,MC,2,-9,0.1503
O14949,82,10000,HC,3,-15,0.1346
O14949,82,10000,SA,3,-17,0.1339
O14949,82,10000,MC,3,-12,0.1499
O14949,82,10000,HC,4,-19,0.1283
O14949,82,10000,SA,4,-18,0.1410
O14949,82,10000,MC,4,-10,0.1465
O14949,82,10000,HC,5,-19,0.1653
O14949,82,10000,SA,5,-15,0.1435
O14949,82,10000,MC,5,-12,0.1479
O14949,82,10000,HC,6,-17,0.1279
O14949,82,10000,SA,6,-18,0.1405
O14949,82,10000,MC,6,-11,0.1543
O14949,82,10000,HC,7,-12,0.1294
O14949,82,10000,SA,7,-18,0.1403
O14949,82,10000,MC,7,-9,0.1518
O14949,82,10000,HC,8,-18,0.1246
O14949,82,10000,SA,8,-19,0.1316
O14949,82,10000,MC,8,-11,0.1488
O14949,82,10000,HC,9,-18,0.1219
O14949,82,10000,SA,9,-18,0.1363
O14949,82,10000,MC,9,-12,0.1479
O14949,82,10000,HC,10,-21,0.1281
O14949,82,10000,SA,10,-14,0.1356
O14949,82,10000,MC,10,-9,0.1487
O14949,82,50000,HC,1,-16,0.5883
O14949,82,50000,SA,1,-18,0.6788
O14949,82,50000,MC,1,-12,0.7434
O14949,82,50000,HC,2,-15,0.6322
O14949,82,50000,SA,2,-20,0.6512
O14949,82,50000,MC,2,-12,0.7344
O14949,82,50000,HC,3,-19,0.5686
O14949,82,50000,SA,3,-21,0.6808
O14949,82,50000,MC,3,-13,0.7490
O14949,82,50000,HC,4,-16,0.5734
O14949,82,50000,SA,4,-20,0.6713
O14949,82,50000,MC,4,-13,0.7486
O14949,82,50000,HC,5,-12,0.6361
O14949,82,50000,SA,5,-16,0.7108
O14949,82,50000,MC,5,-12,0.7486
O14949,82,50000,HC,6,-18,0.6149
O14949,82,50000,SA,6,-20,0.6848
O14949,82,50000,MC,6,-14,0.7403
O14949,82,50000,HC,7,-7,0.6143
O14949,82,50000,SA,7,-18,0.6572
O14949,82,50000,MC,7,-13,0.7411
O14949,82,50000,HC,8,-17,0.5539
O14949,82,50000,SA,8,-19,0.6970
O14949,82,50000,MC,8,-11,0.7339
O14949,82,50000,HC,9,-15,0.6051
O14949,82,50000,SA,9,-19,0.6592
O14949,82,50000,MC,9,-13,0.7345
O14949,82,50000,HC,10,-18,0.5951
O14949,82,50000,SA,10,-22,0.6920
O14949,82,50000,MC,10,-11,0.7355
O14949,82,100000,HC,1,-12,1.2395
O14949,82,100000,SA,1,-20,1.3091
O14949,82,100000,MC,1,-12,1.4725
O14949,82,100000,HC,2,-15,1.0597
O14949,82,100000,SA,2,-18,1.3466
O14949,82,100000,MC,2,-11,1.4708
O14949,82,100000,HC,3,-18,1.2678
O14949,82,100000,SA,3,-21,1.3048
O14949,82,100000,MC,3,-12,1.4694
O14949,82,100000,HC,4,-13,1.2701
O14949,82,100000,SA,4,-20,1.3372
O14949,82,100000,MC,4,-15,1.4748
O14949,82,100000,HC,5,-16,1.0936
O14949,82,100000,SA,5,-20,1.3108
O14949,82,100000,MC,5,-13,1.4768
O14949,82,100000,HC,6,-16,1.0771
O14949,82,100000,SA,6,-21,1.3699
O14949,82,100000,MC,6,-12,1.4780
O14949,82,100000,HC,7,-12,1.2108
O14949,82,100000,SA,7,-20,1.3459
O14949,82,100000,MC,7,-13,1.4718
O14949,82,100000,HC,8,-13,1.2040
O14949,82,100000,SA,8,-21,1.3092
O14949,82,100000,MC,8,-12,1.4989
O14949,82,100000,HC,9,-15,1.1542
O14949,82,100000,SA,9,-23,1.3799
O14949,82,100000,MC,9,-14,1.4769
O14949,82,100000,HC,10,-11,1.2595
O14949,82,100000,SA,10,-20,1.2909
O14949,82,100000,MC,10,-14,1.4763
O14957,56,1000,HC,1,-9,0.0102
O14957,56,1000,SA,1,-7,0.0102
O14957,56,1000,MC,1,-10,0.0112
O14957,56,1000,HC,2,-12,0.0096
O14957,56,1000,SA,2,-13,0.0105
O14957,56,1000,MC,2,-10,0.0114
O14957,56,1000,HC,3,-14,0.0103
O14957,56,1000,SA,3,-13,0.0106
O14957,56,1000,MC,3,-7,0.0119
O14957,56,1000,HC,4,-12,0.0105
O14957,56,1000,SA,4,-14,0.0102
O14957,56,1000,MC,4,-9,0.0110
O14957,56,1000,HC,5,-14,0.0095
O14957,56,1000,SA,5,-12,0.0099
O14957,56,1000,MC,5,-6,0.0107
O14957,56,1000,HC,6,-11,0.0099
O14957,56,1000,SA,6,-11,0.0101
O14957,56,1000,MC,6,-11,0.0113
O14957,56,1000,HC,7,-14,0.0098
O14957,56,1000,SA,7,-15,0.0108
O14957,56,1000,MC,7,-10,0.0105
O14957,56,1000,HC,8,-11,0.0097
O14957,56,1000,SA,8,-14,0.0105
O14957,56,1000,MC,8,-10,0.0110
O14957,56,1000,HC,9,-15,0.0093
O14957,56,1000,SA,9,-12,0.0098
O14957,56,1000,MC,9,-7,0.0116
O14957,56,1000,HC,10,-13,0.0099
O14957,56,1000,SA,10,-13,0.0100
O14957,56,1000,MC,10,-10,0.0114
O14957,56,10000,HC,1,-17,0.1298
O14957,56,10000,SA,1,-15,0.1000
O14957,56,10000,MC,1,-12,0.1079
O14957,56,10000,HC,2,-16,0.0946
O14957,56,10000,SA,2,-14,0.0954
O14957,56,10000,MC,2,-9,0.1093
O14957,56,10000,HC,3,-14,0.0858
O14957,56,10000,SA,3,-20,0.1040
O14957,56,10000,MC,3,-11,0.1086
O14957,56,10000,HC,4,-17,0.0852
O14957,56,10000,SA,4,-17,0.0985
O14957,56,10000,MC,4,-12,0.1096
O14957,56,10000,HC,5,-11,0.0797
O14957,56,10000,SA,5,-19,0.1063
O14957,56,10000,MC,5,-11,0.1095
O14957,56,10000,HC,6,-17,0.0876
O14957,56,10000,SA,6,-13,0.1010
O14957,56,10000,MC,6,-11,0.1094
O14957,56,10000,HC,7,-14,0.0986
O14957,56,10000,SA,7,-16,0.1004
O14957,56,10000,MC,7,-13,0.1101
O14957,56,10000,HC,8,-15,0.0891
O14957,56,10000,SA,8,-14,0.0985
O14957,56,10000,MC,8,-11,0.1077
O14957,56,10000,HC,9,-12,0.0919
O14957,56,10000,SA,9,-14,0.0984
O14957,56,10000,MC,9,-11,0.1079
O14957,56,10000,HC,10,-17,0.1005
O14957,56,10000,SA,10,-16,0.1004
O14957,56,10000,MC,10,-10,0.1093
O14957,56,50000,HC,1,-15,0.4355
O14957,56,50000,SA,1,-19,0.5201
O14957,56,50000,MC,1,-12,0.5446
O14957,56,50000,HC,2,-14,0.4575
O14957,56,50000,SA,2,-20,0.4960
O14957,56,50000,MC,2,-13,0.5450
O14957,56,50000,HC,3,-12,0.4379
O14957,56,50000,SA,3,-18,0.5007
O14957,56,50000,MC,3,-14,0.5397
O14957,56,50000,HC,4,-18,0.4452
O14957,56,50000,SA,4,-18,0.5063
O14957,56,50000,MC,4,-13,0.5403
O14957,56,50000,HC,5,-15,0.4048
O14957,56,50000,SA,5,-20,0.5061
O14957,56,50000,MC,5,-13,0.5440
O14957,56,50000,HC,6,-18,0.4896
O14957,56,50000,SA,6,-15,0.4855
O14957,56,50000,MC,6,-12,0.5456
O14957,56,50000,HC,7,-14,0.4444
O14957,56,50000,SA,7,-15,0.4993
O14957,56,50000,MC,7,-13,0.5402
O14957,56,50000,HC,8,-16,0.4429
O14957,56,50000,SA,8,-18,0.4980
O14957,56,50000,MC,8,-12,0.5472
O14957,56,50000,HC,9,-14,0.4335
O14957,56,50000,SA,9,-19,0.5001
O14957,56,50000,MC,9,-14,0.5467
O14957,56,50000,HC,10,-14,0.4771
O14957,56,50000,SA,10,-16,0.5053
O14957,56,50000,MC,10,-11,0.5439
O14957,56,100000,HC,1,-11,0.9126
O14957,56,100000,SA,1,-18,1.0030
O14957,56,100000,MC,1,-13,1.0933
O14957,56,100000,HC,2,-17,0.8539
O14957,56,100000,SA,2,-19,1.0181
O14957,56,100000,MC,2,-12,1.0872
O14957,56,100000,HC,3,-9,0.9657
O14957,56,100000,SA,3,-20,1.0260
O14957,56,100000,MC,3,-13,1.0939
O14957,56,100000,HC,4,-14,0.7374
O14957,56,100000,SA,4,-18,0.9633
O14957,56,100000,MC,4,-13,1.0922
O14957,56,100000,HC,5,-14,0.8364
O14957,56,100000,SA,5,-16,1.0001
O14957,56,100000,MC,5,-14,1.0930
O14957,56,100000,HC,6,-14,0.8438
O14957,56,100000,SA,6,-20,1.0071
O14957,56,100000,MC,6,-13,1.0939
O14957,56,100000,HC,7,-17,0.9373
O14957,56,100000,SA,7,-19,1.0005
O14957,56,100000,MC,7,-15,1.0916
O14957,56,100000,HC,8,-13,0.8659
O14957,56,100000,SA,8,-20,0.9818
O14957,56,100000,MC,8,-13,1.0904
O14957,56,100000,HC,9,-14,0.8400
O14957,56,100000,SA,9,-18,1.0071
O14957,56,100000,MC,9,-14,1.0900
O14957,56,100000,HC,10,-15,0.9218
O14957,56,100000,SA,10,-19,0.9617
O14957,56,100000,MC,10,-13,1.0856
O15263,64,1000,HC,1,-16,0.0119
O15263,64,1000,SA,1,-11,0.0118
O15263,64,1000,MC,1,-9,0.0127
O15263,64,1000,HC,2,-10,0.0121
O15263,64,1000,SA,2,-9,0.0119
O15263,64,1000,MC,2,-10,0.0133
O15263,64,1000,HC,3,-11,0.0103
O15263,64,1000,SA,3,-15,0.0112
O15263,64,1000,MC,3,-9,0.0126
O15263,64,1000,HC,4,-14,0.0114
O15263,64,1000,SA,4,-13,0.0124
O15263,64,1000,MC,4,-11,0.0124
O15263,64,1000,HC,5,-15,0.0122
O15263,64,1000,SA,5,-20,0.0118
O15263,64,1000,MC,5,-10,0.0129
O15263,64,1000,HC,6,-11,0.0112
O15263,64,1000,SA,6,-10,0.0121
O15263,64,1000,MC,6,-9,0.0114
O15263,64,1000,HC,7,-10,0.0106
O15263,64,1000,SA,7,-11,0.0122
O15263,64,1000,MC,7,-8,0.0123
O15263,64,1000,HC,8,-11,0.0109
O15263,64,1000,SA,8,-13,0.0109
O15263,64,1000,MC,8,-10,0.0131
O15263,64,1000,HC,9,-15,0.0104
O15263,64,1000,SA,9,-14,0.0122
O15263,64,1000,MC,9,-14,0.0109
O15263,64,1000,HC,10,-15,0.0108
O15263,64,1000,SA,10,-16,0.0121
O15263,64,1000,MC,10,-11,0.0123
O15263,64,10000,HC,1,-18,0.1048
O15263,64,10000,SA,1,-17,0.1145
O15263,64,10000,MC,1,-12,0.1221
O15263,64,10000,HC,2,-17,0.0972
O15263,64,10000,SA,2,-15,0.1084
O15263,64,10000,MC,2,-13,0.1205
O15263,64,10000,HC,3,-16,0.0917
O15263,64,10000,SA,3,-18,0.1082
O15263,64,10000,MC,3,-12,0.1227
O15263,64,10000,HC,4,-9,0.1027
O15263,64,10000,SA,4,-18,0.1116
O15263,64,10000,MC,4,-13,0.1199
O15263,64,10000,HC,5,-15,0.0995
O15263,64,10000,SA,5,-16,0.1071
O15263,64,10000,MC,5,-13,0.1224
O15263,64,10000,HC,6,-12,0.0926
O15263,64,10000,SA,6,-18,0.1112
O15263,64,10000,MC,6,-12,0.1233
O15263,64,10000,HC,7,-16,0.1093
O15263,64,10000,SA,7,-18,0.1113
O15263,64,10000,MC,7,-13,0.1212
O15263,64,10000,HC,8,-16,0.0945
O15263,64,10000,SA,8,-14,0.1137
O15263,64,10000,MC,8,-12,0.1220
O15263,64,10000,HC,9,-11,0.0960
O15263,64,10000,SA,9,-19,0.1123
O15263,64,10000,MC,9,-13,0.1209
O15263,64,10000,HC,10,-13,0.0972
O15263,64,10000,SA,10,-20,0.1143
O15263,64,10000,MC,10,-12,0.1221
O15263,64,50000,HC,1,-18,0.5000
O15263,64,50000,SA,1,-21,0.5570
O15263,64,50000,MC,1,-14,0.6019
O15263,64,50000,HC,2,-15,0.4828
O15263,64,50000,SA,2,-22,0.5215
O15263,64,50000,MC,2,-14,0.6065
O15263,64,50000,HC,3,-17,0.4926
O15263,64,50000,SA,3,-17,0.5343
O15263,64,50000,MC,3,-14,0.6086
O15263,64,50000,HC,4,-14,0.5405
O15263,64,50000,SA,4,-20,0.5325
O15263,64,50000,MC,4,-13,0.6075
O15263,64,50000,HC,5,-10,0.5112
O15263,64,50000,SA,5,-18,0.5482
O15263,64,50000,MC,5,-13,0.6053
O15263,64,50000,HC,6,-12,0.5000
O15263,64,50000,SA,6,-20,0.5438
O15263,64,50000,MC,6,-14,0.6010
O15263,64,50000,HC,7,-16,0.5489
O15263,64,50000,SA,7,-20,0.5632
O15263,64,50000,MC,7,-16,0.6037
O15263,64,50000,HC,8,-16,0.4908
O15263,64,50000,SA,8,-21,0.5726
O15263,64,50000,MC,8,-13,0.6066
O15263,64,50000,HC,9,-14,0.5024
O15263,64,50000,SA,9,-17,0.5640
O15263,64,50000,MC,9,-15,0.6073
O15263,64,50000,HC,10,-15,0.4820
O15263,64,50000,SA,10,-23,0.5408
O15263,64,50000,MC,10,-14,0.6029
O15263,64,100000,HC,1,-20,1.0158
O15263,64,100000,SA,1,-20,1.0669
O15263,64,100000,MC,1,-15,1.2063
O15263,64,100000,HC,2,-14,0.9087
O15263,64,100000,SA,2,-19,1.0388
O15263,64,100000,MC,2,-15,1.2126
O15263,64,100000,HC,3,-17,0.9165
O15263,64,100000,SA,3,-22,1.1036
O15263,64,100000,MC,3,-14,1.2166
O15263,64,100000,HC,4,-15,0.9028
O15263,64,100000,SA,4,-18,1.0642
O15263,64,100000,MC,4,-14,1.2097
O15263,64,100000,HC,5,-7,0.9591
O15263,64,100000,SA,5,-22,1.1007
O15263,64,100000,MC,5,-14,1.2172
O15263,64,100000,HC,6,-16,1.0229
O15263,64,100000,SA,6,-19,1.1011
O15263,64,100000,MC,6,-14,1.2168
O15263,64,100000,HC,7,-18,0.9666
O15263,64,100000,SA,7,-24,1.1030
O15263,64,100000,MC,7,-14,1.2137
O15263,64,100000,HC,8,-11,1.1291
O15263,64,100000,SA,8,-22,1.0775
O15263,64,100000,MC,8,-15,1.2138
O15263,64,100000,HC,9,-15,0.9775
O15263,64,100000,SA,9,-25,1.0631
O15263,64,100000,MC,9,-15,1.2156
O15263,64,100000,HC,10,-15,1.0124
O15263,64,100000,SA,10,-18,1.0984
O15263,64,100000,MC,10,-14,1.2185
O43715,76,1000,HC,1,-8,0.0123
O43715,76,1000,SA,1,-6,0.0119
O43715,76,1000,MC,1,-5,0.0127
O43715,76,1000,HC,2,-10,0.0119
O43715,76,1000,SA,2,-13,0.0129
O43715,76,1000,MC,2,-7,0.0129
O43715,76,1000,HC,3,-9,0.0118
O43715,76,1000,SA,3,-8,0.0113
O43715,76,1000,MC,3,-6,0.0127
O43715,76,1000,HC,4,-11,0.0124
O43715,76,1000,SA,4,-7,0.0120
O43715,76,1000,MC,4,-7,0.0124
O43715,76,1000,HC,5,-10,0.0125
O43715,76,1000,SA,5,-10,0.0126
O43715,76,1000,MC,5,-5,0.0122
O43715,76,1000,HC,6,-9,0.0114
O43715,76,1000,SA,6,-9,0.0121
O43715,76,1000,MC,6,-5,0.0129
O43715,76,1000,HC,7,-6,0.0111
O43715,76,1000,SA,7,-12,0.0124
O43715,76,1000,MC,7,-5,0.0126
O43715,76,1000,HC,8,-9,0.0119
O43715,76,1000,SA,8,-12,0.0124
O43715,76,1000,MC,8,-6,0.0125
O43715,76,1000,HC,9,-11,0.0108
O43715,76,1000,SA,9,-7,0.0121
O43715,76,1000,MC,9,-6,0.0121
O43715,76,1000,HC,10,-7,0.0121
O43715,76,1000,SA,10,-11,0.0119
O43715,76,1000,MC,10,-7,0.0128
O43715,76,10000,HC,1,-11,0.1237
O43715,76,10000,SA,1,-14,0.1224
O43715,76,10000,MC,1,-7,0.1213
O43715,76,10000,HC,2,-13,0.1004
O43715,76,10000,SA,2,-15,0.1178
O43715,76,10000,MC,2,-7,0.1241
O43715,76,10000,HC,3,-13,0.1019
O43715,76,10000,SA,3,-15,0.1204
O43715,76,10000,MC,3,-8,0.1212
O43715,76,10000,HC,4,-8,0.0993
O43715,76,10000,SA,4,-15,0.1125
O43715,76,10000,MC,4,-8,0.1231
O43715,76,10000,HC,5,-7,0.0961
O43715,76,10000,SA,5,-12,0.1131
O43715,76,10000,MC,5,-8,0.1215
O43715,76,10000,HC,6,-11,0.0979
O43715,76,10000,SA,6,-17,0.1188
O43715,76,10000,MC,6,-8,0.1224
O43715,76,10000,HC,7,-12,0.1055
O43715,76,10000,SA,7,-14,0.1176
O43715,76,10000,MC,7,-9,0.1222
O43715,76,10000,HC,8,-13,0.0972
O43715,76,10000,SA,8,-18,0.1176
O43715,76,10000,MC,8,-7,0.1221
O43715,76,10000,HC,9,-11,0.1090
O43715,76,10000,SA,9,-17,0.1178
O43715,76,10000,MC,9,-8,0.1233
O43715,76,10000,HC,10,-14,0.1026
O43715,76,10000,SA,10,-16,0.1196
O43715,76,10000,MC,10,-8,0.1216
O43715,76,50000,HC,1,-15,0.5617
O43715,76,50000,SA,1,-15,0.5740
O43715,76,50000,MC,1,-9,0.6133
O43715,76,50000,HC,2,-13,0.5159
O43715,76,50000,SA,2,-17,0.5678
O43715,76,50000,MC,2,-9,0.6086
O43715,76,50000,HC,3,-12,0.5484
O43715,76,50000,SA,3,-16,0.5711
O43715,76,50000,MC,3,-9,0.6125
O43715,76,50000,HC,4,-13,0.5126
O43715,76,50000,SA,4,-16,0.5827
O43715,76,50000,MC,4,-10,0.6134
O43715,76,50000,HC,5,-14,0.5312
O43715,76,50000,SA,5,-17,0.6118
O43715,76,50000,MC,5,-10,0.6150
O43715,76,50000,HC,6,-9,0.4422
O43715,76,50000,SA,6,-17,0.5818
O43715,76,50000,MC,6,-10,0.6110
O43715,76,50000,HC,7,-14,0.5517
O43715,76,50000,SA,7,-18,0.5851
O43715,76,50000,MC,7,-11,0.6157
O43715,76,50000,HC,8,-13,0.5199
O43715,76,50000,SA,8,-17,0.5808
O43715,76,50000,MC,8,-10,0.6136
O43715,76,50000,HC,9,-18,0.5646
O43715,76,50000,SA,9,-16,0.5855
O43715,76,50000,MC,9,-10,0.6138
O43715,76,50000,HC,10,-11,0.5337
O43715,76,50000,SA,10,-16,0.5788
O43715,76,50000,MC,10,-9,0.6153
O43715,76,100000,HC,1,-12,0.9983
O43715,76,100000,SA,1,-14,1.1401
O43715,76,100000,MC,1,-11,1.2179
O43715,76,100000,HC,2,-11,1.0266
O43715,76,100000,SA,2,-18,1.2027
O43715,76,100000,MC,2,-9,1.2265
O43715,76,100000,HC,3,-14,1.0250
O43715,76,100000,SA,3,-18,1.1795
O43715,76,100000,MC,3,-11,1.2183
O43715,76,100000,HC,4,-17,1.0648
O43715,76,100000,SA,4,-18,1.1270
O43715,76,100000,MC,4,-12,1.2257
O43715,76,100000,HC,5,-14,1.0312
O43715,76,100000,SA,5,-17,1.1584
O43715,76,100000,MC,5,-10,1.2297
O43715,76,100000,HC,6,-15,0.9934
O43715,76,100000,SA,6,-20,1.1749
O43715,76,100000,MC,6,-11,1.2298
O43715,76,100000,HC,7,-12,1.0222
O43715,76,100000,SA,7,-17,1.1013
O43715,76,100000,MC,7,-8,1.2282
O43715,76,100000,HC,8,-14,1.1337
O43715,76,100000,SA,8,-16,1.2020
O43715,76,100000,MC,8,-9,1.2358
O43715,76,100000,HC,9,-14,1.1077
O43715,76,100000,SA,9,-18,1.1823
O43715,76,100000,MC,9,-9,1.2220
O43715,76,100000,HC,10,-14,1.0236
O43715,76,100000,SA,10,-18,1.1559
O43715,76,100000,MC,10,-10,1.2180
O75438,58,1000,HC,1,-10,0.0089
O75438,58,1000,SA,1,-7,0.0104
O75438,58,1000,MC,1,-5,0.0110
O75438,58,1000,HC,2,-11,0.0101
O75438,58,1000,SA,2,-7,0.0112
O75438,58,1000,MC,2,-6,0.0120
O75438,58,1000,HC,3,-8,0.0103
O75438,58,1000,SA,3,-11,0.0110
O75438,58,1000,MC,3,-6,0.0106
O75438,58,1000,HC,4,-9,0.0098
O75438,58,1000,SA,4,-12,0.0103
O75438,58,1000,MC,4,-9,0.0110
O75438,58,1000,HC,5,-11,0.0095
O75438,58,1000,SA,5,-9,0.0109
O75438,58,1000,MC,5,-6,0.0107
O75438,58,1000,HC,6,-4,0.0095
O75438,58,1000,SA,6,-10,0.0108
O75438,58,1000,MC,6,-6,0.0111
O75438,58,1000,HC,7,-11,0.0098
O75438,58,1000,SA,7,-8,0.0105
O75438,58,1000,MC,7,-7,0.0112
O75438,58,1000,HC,8,-12,0.0110
O75438,58,1000,SA,8,-7,0.0106
O75438,58,1000,MC,8,-7,0.0108
O75438,58,1000,HC,9,-11,0.0098
O75438,58,1000,SA,9,-9,0.0108
O75438,58,1000,MC,9,-9,0.0116
O75438,58,1000,HC,10,-13,0.0095
O75438,58,1000,SA,10,-7,0.0101
O75438,58,1000,MC,10,-11,0.0106
O75438,58,10000,HC,1,-11,0.0914
O75438,58,10000,SA,1,-14,0.1021
O75438,58,10000,MC,1,-9,0.1076
O75438,58,10000,HC,2,-12,0.0863
O75438,58,10000,SA,2,-10,0.0967
O75438,58,10000,MC,2,-8,0.1068
O75438,58,10000,HC,3,-12,0.0949
O75438,58,10000,SA,3,-13,0.1015
O75438,58,10000,MC,3,-8,0.1073
O75438,58,10000,HC,4,-9,0.0918
O75438,58,10000,SA,4,-11,0.0986
O75438,58,10000,MC,4,-9,0.1056
O75438,58,10000,HC,5,-12,0.0865
O75438,58,10000,SA,5,-14,0.0983
O75438,58,10000,MC,5,-9,0.1080
O75438,58,10000,HC,6,-10,0.0886
O75438,58,10000,SA,6,-14,0.0981
O75438,58,10000,MC,6,-9,0.1094
O75438,58,10000,HC,7,-13,0.0895
O75438,58,10000,SA,7,-15,0.0942
O75438,58,10000,MC,7,-9,0.1074
O75438,58,10000,HC,8,-7,0.0792
O75438,58,10000,SA,8,-14,0.1002
O75438,58,10000,MC,8,-8,0.1083
O75438,58,10000,HC,9,-11,0.0909
O75438,58,10000,SA,9,-13,0.1014
O75438,58,10000,MC,9,-8,0.1072
O75438,58,10000,HC,10,-13,0.0894
O75438,58,10000,SA,10,-11,0.0998
O75438,58,10000,MC,10,-8,0.1075
O75438,58,50000,HC,1,-14,0.4540
O75438,58,50000,SA,1,-13,0.4856
O75438,58,50000,MC,1,-10,0.5381
O75438,58,50000,HC,2,-11,0.3939
O75438,58,50000,SA,2,-14,0.4921
O75438,58,50000,MC,2,-9,0.5365
O75438,58,50000,HC,3,-12,0.4096
O75438,58,50000,SA,3,-15,0.4962
O75438,58,50000,MC,3,-9,0.5391
O75438,58,50000,HC,4,-11,0.4210
O75438,58,50000,SA,4,-14,0.4584
O75438,58,50000,MC,4,-9,0.5344
O75438,58,50000,HC,5,-9,0.4362
O75438,58,50000,SA,5,-16,0.5002
O75438,58,50000,MC,5,-9,0.5419
O75438,58,50000,HC,6,-7,0.4622
O75438,58,50000,SA,6,-14,0.4960
O75438,58,50000,MC,6,-9,0.5360
O75438,58,50000,HC,7,-9,0.4349
O75438,58,50000,SA,7,-14,0.4985
O75438,58,50000,MC,7,-10,0.5375
O75438,58,50000,HC,8,-12,0.4403
O75438,58,50000,SA,8,-15,0.4932
O75438,58,50000,MC,8,-9,0.5376
O75438,58,50000,HC,9,-11,0.4523
O75438,58,50000,SA,9,-11,0.4824
O75438,58,50000,MC,9,-11,0.5365
O75438,58,50000,HC,10,-14,0.4048
O75438,58,50000,SA,10,-15,0.4883
O75438,58,50000,MC,10,-10,0.5426
O75438,58,100000,HC,1,-12,0.8247
O75438,58,100000,SA,1,-15,0.9882
O75438,58,100000,MC,1,-11,1.0693
O75438,58,100000,HC,2,-12,0.8298
O75438,58,100000,SA,2,-13,0.9851
O75438,58,100000,MC,2,-11,1.0951
O75438,58,100000,HC,3,-11,0.8672
O75438,58,100000,SA,3,-15,0.9953
O75438,58,100000,MC,3,-10,1.0677
O75438,58,100000,HC,4,-11,0.9189
O75438,58,100000,SA,4,-14,0.9584
O75438,58,100000,MC,4,-10,1.0722
O75438,58,100000,HC,5,-13,0.8010
O75438,58,100000,SA,5,-13,0.9784
O75438,58,100000,MC,5,-9,1.0772
O75438,58,100000,HC,6,-9,0.9020
O75438,58,100000,SA,6,-15,1.0012
O75438,58,100000,MC,6,-11,1.0717
O75438,58,100000,HC,7,-13,0.8574
O75438,58,100000,SA,7,-13,0.9577
O75438,58,100000,MC,7,-10,1.0903
O75438,58,100000,HC,8,-15,0.8976
O75438,58,100000,SA,8,-15,1.0385
O75438,58,100000,MC,8,-10,1.0936
O75438,58,100000,HC,9,-10,0.8525
O75438,58,100000,SA,9,-16,0.9733
O75438,58,100000,MC,9,-10,1.0903
O75438,58,100000,HC,10,-12,0.8345
O75438,58,100000,SA,10,-14,0.9646
O75438,58,100000,MC,10,-10,1.0923
O95777,96,1000,HC,1,-14,0.0160
O95777,96,1000,SA,1,-12,0.0159
O95777,96,1000,MC,1,-9,0.0176
O95777,96,1000,HC,2,-10,0.0163
O95777,96,1000,SA,2,-14,0.0419
O95777,96,1000,MC,2,-8,0.0217
O95777,96,1000,HC,3,-11,0.0160
O95777,96,1000,SA,3,-14,0.0169
O95777,96,1000,MC,3,-7,0.0180
O95777,96,1000,HC,4,-15,0.0161
O95777,96,1000,SA,4,-12,0.0167
O95777,96,1000,MC,4,-7,0.0176
O95777,96,1000,HC,5,-19,0.0159
O95777,96,1000,SA,5,-11,0.0181
O95777,96,1000,MC,5,-6,0.0180
O95777,96,1000,HC,6,-9,0.0152
O95777,96,1000,SA,6,-12,0.0163
O95777,96,1000,MC,6,-8,0.0173
O95777,96,1000,HC,7,-11,0.0148
O95777,96,1000,SA,7,-12,0.0181
O95777,96,1000,MC,7,-10,0.0174
O95777,96,1000,HC,8,-12,0.0164
O95777,96,1000,SA,8,-13,0.0166
O95777,96,1000,MC,8,-7,0.0168
O95777,96,1000,HC,9,-14,0.0164
O95777,96,1000,SA,9,-11,0.0170
O95777,96,1000,MC,9,-7,0.0173
O95777,96,1000,HC,10,-9,0.0149
O95777,96,1000,SA,10,-9,0.0164
O95777,96,1000,MC,10,-8,0.0173
O95777,96,10000,HC,1,-20,0.1462
O95777,96,10000,SA,1,-22,0.1616
O95777,96,10000,MC,1,-10,0.1688
O95777,96,10000,HC,2,-14,0.1315
O95777,96,10000,SA,2,-18,0.1548
O95777,96,10000,MC,2,-11,0.1658
O95777,96,10000,HC,3,-17,0.1507
O95777,96,10000,SA,3,-23,0.1476
O95777,96,10000,MC,3,-11,0.1689
O95777,96,10000,HC,4,-18,0.1528
O95777,96,10000,SA,4,-22,0.1591
O95777,96,10000,MC,4,-13,0.1703
O95777,96,10000,HC,5,-18,0.1366
O95777,96,10000,SA,5,-16,0.1575
O95777,96,10000,MC,5,-11,0.1715
O95777,96,10000,HC,6,-20,0.1536
O95777,96,10000,SA,6,-22,0.1564
O95777,96,10000,MC,6,-12,0.1726
O95777,96,10000,HC,7,-19,0.1415
O95777,96,10000,SA,7,-17,0.1577
O95777,96,10000,MC,7,-12,0.1686
O95777,96,10000,HC,8,-7,0.1402
O95777,96,10000,SA,8,-24,0.1621
O95777,96,10000,MC,8,-12,0.1678
O95777,96,10000,HC,9,-19,0.1374
O95777,96,10000,SA,9,-22,0.1574
O95777,96,10000,MC,9,-11,0.1698
O95777,96,10000,HC,10,-9,0.1442
O95777,96,10000,SA,10,-24,0.1553
O95777,96,10000,MC,10,-10,0.1683
O95777,96,50000,HC,1,-16,0.6914
O95777,96,50000,SA,1,-20,0.7618
O95777,96,50000,MC,1,-13,0.8336
O95777,96,50000,HC,2,-21,0.6228
O95777,96,50000,SA,2,-24,0.7524
O95777,96,50000,MC,2,-12,0.8369
O95777,96,50000,HC,3,-22,0.7244
O95777,96,50000,SA,3,-25,0.7834
O95777,96,50000,MC,3,-13,0.8382
O95777,96,50000,HC,4,-20,0.6768
O95777,96,50000,SA,4,-22,0.7749
O95777,96,50000,MC,4,-14,0.8425
O95777,96,50000,HC,5,-16,0.6876
O95777,96,50000,SA,5,-25,0.7450
O95777,96,50000,MC,5,-11,0.8446
O95777,96,50000,HC,6,-16,0.7600
O95777,96,50000,SA,6,-20,0.7649
O95777,96,50000,MC,6,-12,0.8421
O95777,96,50000,HC,7,-16,0.6678
O95777,96,50000,SA,7,-21,0.7861
O95777,96,50000,MC,7,-13,0.8524
O95777,96,50000,HC,8,-23,0.7258
O95777,96,50000,SA,8,-15,0.7636
O95777,96,50000,MC,8,-12,0.8418
O95777,96,50000,HC,9,-19,0.6975
O95777,96,50000,SA,9,-24,0.8136
O95777,96,50000,MC,9,-12,0.8356
O95777,96,50000,HC,10,-18,0.7174
O95777,96,50000,SA,10,-25,0.7815
O95777,96,50000,MC,10,-13,0.8366
O95777,96,100000,HC,1,-20,1.4192
O95777,96,100000,SA,1,-26,1.5186
O95777,96,100000,MC,1,-14,1.6721
O95777,96,100000,HC,2,-20,1.4644
O95777,96,100000,SA,2,-17,1.5179
O95777,96,100000,MC,2,-15,1.7185
O95777,96,100000,HC,3,-9,1.4571
O95777,96,100000,SA,3,-25,1.5570
O95777,96,100000,MC,3,-14,1.6686
O95777,96,100000,HC,4,-13,1.4281
O95777,96,100000,SA,4,-25,1.6022
O95777,96,100000,MC,4,-14,1.7406
O95777,96,100000,HC,5,-15,1.4424
O95777,96,100000,SA,5,-25,1.5770
O95777,96,100000,MC,5,-14,1.6966
O95777,96,100000,HC,6,-17,1.3373
O95777,96,100000,SA,6,-25,1.5289
O95777,96,100000,MC,6,-12,1.6799
O95777,96,100000,HC,7,-16,1.4479
O95777,96,100000,SA,7,-23,1.5358
O95777,96,100000,MC,7,-14,1.7177
O95777,96,100000,HC,8,-8,1.5461
O95777,96,100000,SA,8,-24,1.5516
O95777,96,100000,MC,8,-13,1.6790
O95777,96,100000,HC,9,-18,1.3274
O95777,96,100000,SA,9,-27,1.6202
O95777,96,100000,MC,9,-15,1.7816
O95777,96,100000,HC,10,-22,1.4644
O95777,96,100000,SA,10,-24,1.5026
O95777,96,100000,MC,10,-14,1.6916
P04080,98,1000,HC,1,-13,0.0160
P04080,98,1000,SA,1,-10,0.0175
P04080,98,1000,MC,1,-3,0.0171
P04080,98,1000,HC,2,-10,0.0170
P04080,98,1000,SA,2,-6,0.0155
P04080,98,1000,MC,2,-9,0.0221
P04080,98,1000,HC,3,-11,0.0371
P04080,98,1000,SA,3,-14,0.0170
P04080,98,1000,MC,3,-6,0.0169
P04080,98,1000,HC,4,-11,0.0164
P04080,98,1000,SA,4,-10,0.0166
P04080,98,1000,MC,4,-8,0.0164
P04080,98,1000,HC,5,-8,0.0140
P04080,98,1000,SA,5,-10,0.0172
P04080,98,1000,MC,5,-8,0.0176
P04080,98,1000,HC,6,-9,0.0169
P04080,98,1000,SA,6,-10,0.0169
P04080,98,1000,MC,6,-8,0.0171
P04080,98,1000,HC,7,-14,0.0171
P04080,98,1000,SA,7,-9,0.0170
P04080,98,1000,MC,7,-5,0.0165
P04080,98,1000,HC,8,-14,0.0151
P04080,98,1000,SA,8,-12,0.0169
P04080,98,1000,MC,8,-6,0.0170
P04080,98,1000,HC,9,-15,0.0158
P04080,98,1000,SA,9,-13,0.0167
P04080,98,1000,MC,9,-7,0.0175
P04080,98,1000,HC,10,-6,0.0158
P04080,98,1000,SA,10,-11,0.0164
P04080,98,1000,MC,10,-7,0.0181
P04080,98,10000,HC,1,-13,0.1520
P04080,98,10000,SA,1,-18,0.1621
P04080,98,10000,MC,1,-9,0.1679
P04080,98,10000,HC,2,-12,0.1438
P04080,98,10000,SA,2,-19,0.1545
P04080,98,10000,MC,2,-11,0.1668
P04080,98,10000,HC,3,-14,0.1454
P04080,98,10000,SA,3,-14,0.1827
P04080,98,10000,MC,3,-9,0.1680
P04080,98,10000,HC,4,-12,0.1415
P04080,98,10000,SA,4,-17,0.1551
P04080,98,10000,MC,4,-9,0.1637
P04080,98,10000,HC,5,-9,0.1431
P04080,98,10000,SA,5,-19,0.1540
P04080,98,10000,MC,5,-10,0.1674
P04080,98,10000,HC,6,-13,0.1466
P04080,98,10000,SA,6,-17,0.1502
P04080,98,10000,MC,6,-10,0.1685
P04080,98,10000,HC,7,-19,0.1426
P04080,98,10000,SA,7,-19,0.1578
P04080,98,10000,MC,7,-10,0.1672
P04080,98,10000,HC,8,-16,0.1407
P04080,98,10000,SA,8,-18,0.1512
P04080,98,10000,MC,8,-10,0.1627
P04080,98,10000,HC,9,-9,0.1360
P04080,98,10000,SA,9,-16,0.1526
P04080,98,10000,MC,9,-12,0.1639
P04080,98,10000,HC,10,-13,0.1330
P04080,98,10000,SA,10,-13,0.1516
P04080,98,10000,MC,10,-11,0.1658
P04080,98,50000,HC,1,-16,0.6835
P04080,98,50000,SA,1,-20,0.7648
P04080,98,50000,MC,1,-11,0.8657
P04080,98,50000,HC,2,-19,0.6784
P04080,98,50000,SA,2,-19,0.7880
P04080,98,50000,MC,2,-11,0.8760
P04080,98,50000,HC,3,-14,0.7183
P04080,98,50000,SA,3,-22,0.7687
P04080,98,50000,MC,3,-10,0.8726
P04080,98,50000,HC,4,-20,0.6580
P04080,98,50000,SA,4,-24,0.7706
P04080,98,50000,MC,4,-10,0.8572
P04080,98,50000,HC,5,-5,0.7606
P04080,98,50000,SA,5,-18,0.7339
P04080,98,50000,MC,5,-12,0.8266
P04080,98,50000,HC,6,-11,0.7222
P04080,98,50000,SA,6,-21,0.7737
P04080,98,50000,MC,6,-10,0.8197
P04080,98,50000,HC,7,-18,0.6808
P04080,98,50000,SA,7,-17,0.7707
P04080,98,50000,MC,7,-10,0.8721
P04080,98,50000,HC,8,-11,0.6190
P04080,98,50000,SA,8,-20,0.7565
P04080,98,50000,MC,8,-12,0.8220
P04080,98,50000,HC,9,-19,0.6587
P04080,98,50000,SA,9,-17,0.8081
P04080,98,50000,MC,9,-10,0.8276
P04080,98,50000,HC,10,-11,0.6726
P04080,98,50000,SA,10,-21,0.7326
P04080,98,50000,MC,10,-10,0.8269
P04080,98,100000,HC,1,-13,1.3632
P04080,98,100000,SA,1,-21,1.4937
P04080,98,100000,MC,1,-12,1.7372
P04080,98,100000,HC,2,-17,1.3693
P04080,98,100000,SA,2,-23,1.5113
P04080,98,100000,MC,2,-14,1.6511
P04080,98,100000,HC,3,-10,1.4343
P04080,98,100000,SA,3,-21,1.5294
P04080,98,100000,MC,3,-12,1.6968
P04080,98,100000,HC,4,-11,1.3251
P04080,98,100000,SA,4,-22,1.4907
P04080,98,100000,MC,4,-12,1.6999
P04080,98,100000,HC,5,-12,1.3801
P04080,98,100000,SA,5,-24,1.5426
P04080,98,100000,MC,5,-12,1.6523
P04080,98,100000,HC,6,-7,1.3451
P04080,98,100000,SA,6,-22,1.4966
P04080,98,100000,MC,6,-12,1.6495
P04080,98,100000,HC,7,-17,1.2979
P04080,98,100000,SA,7,-25,1.5128
P04080,98,100000,MC,7,-12,1.6544
P04080,98,100000,HC,8,-13,1.3276
P04080,98,100000,SA,8,-21,1.4967
P04080,98,100000,MC,8,-11,1.6477
P04080,98,100000,HC,9,-7,1.2932
P04080,98,100000,SA,9,-19,1.4246
P04080,98,100000,MC,9,-11,1.6439
P04080,98,100000,HC,10,-18,1.3471
P04080,98,100000,SA,10,-20,1.5013
P04080,98,100000,MC,10,-13,1.6478
P04155,84,1000,HC,1,-12,0.0148
P04155,84,1000,SA,1,-11,0.0157
P04155,84,1000,MC,1,-11,0.0161
P04155,84,1000,HC,2,-18,0.0165
P04155,84,1000,SA,2,-14,0.0158
P04155,84,1000,MC,2,-8,0.0159
P04155,84,1000,HC,3,-16,0.0143
P04155,84,1000,SA,3,-15,0.0154
P04155,84,1000,MC,3,-9,0.0160
P04155,84,1000,HC,4,-19,0.0140
P04155,84,1000,SA,4,-15,0.0164
P04155,84,1000,MC,4,-10,0.0155
P04155,84,1000,HC,5,-12,0.0147
P04155,84,1000,SA,5,-15,0.0142
P04155,84,1000,MC,5,-6,0.0163
P04155,84,1000,HC,6,-9,0.0142
P04155,84,1000,SA,6,-12,0.0155
P04155,84,1000,MC,6,-8,0.0160
P04155,84,1000,HC,7,-17,0.0151
P04155,84,1000,SA,7,-16,0.0159
P04155,84,1000,MC,7,-10,0.0158
P04155,84,1000,HC,8,-14,0.0150
P04155,84,1000,SA,8,-13,0.0158
P04155,84,1000,MC,8,-8,0.0159
P04155,84,1000,HC,9,-8,0.0139
P04155,84,1000,SA,9,-12,0.0152
P04155,84,1000,MC,9,-7,0.0162
P04155,84,1000,HC,10,-10,0.0146
P04155,84,1000,SA,10,-18,0.0158
P04155,84,1000,MC,10,-11,0.0157
P04155,84,10000,HC,1,-15,0.1245
P04155,84,10000,SA,1,-22,0.1443
P04155,84,10000,MC,1,-14,0.1607
P04155,84,10000,HC,2,-13,0.1232
P04155,84,10000,SA,2,-18,0.1457
P04155,84,10000,MC,2,-12,0.1577
P04155,84,10000,HC,3,-5,0.1354
P04155,84,10000,SA,3,-20,0.1481
P04155,84,10000,MC,3,-11,0.1568
P04155,84,10000,HC,4,-12,0.1315
P04155,84,10000,SA,4,-17,0.1487
P04155,84,10000,MC,4,-15,0.1619
P04155,84,10000,HC,5,-11,0.1415
P04155,84,10000,SA,5,-21,0.1480
P04155,84,10000,MC,5,-12,0.1584
P04155,84,10000,HC,6,-14,0.1518
P04155,84,10000,SA,6,-19,0.1466
P04155,84,10000,MC,6,-11,0.1585
P04155,84,10000,HC,7,-12,0.1302
P04155,84,10000,SA,7,-20,0.1453
P04155,84,10000,MC,7,-12,0.1565
P04155,84,10000,HC,8,-16,0.1317
P04155,84,10000,SA,8,-15,0.1407
P04155,84,10000,MC,8,-14,0.1567
P04155,84,10000,HC,9,-18,0.1322
P04155,84,10000,SA,9,-21,0.1493
P04155,84,10000,MC,9,-12,0.1553
P04155,84,10000,HC,10,-17,0.1533
P04155,84,10000,SA,10,-19,0.1447
P04155,84,10000,MC,10,-12,0.1575
P04155,84,50000,HC,1,-20,0.6187
P04155,84,50000,SA,1,-25,0.7676
P04155,84,50000,MC,1,-13,0.7884
P04155,84,50000,HC,2,-19,0.6178
P04155,84,50000,SA,2,-23,0.7268
P04155,84,50000,MC,2,-12,0.7817
P04155,84,50000,HC,3,-17,0.6147
P04155,84,50000,SA,3,-23,0.7123
P04155,84,50000,MC,3,-14,0.7846
P04155,84,50000,HC,4,-17,0.6819
P04155,84,50000,SA,4,-22,0.6829
P04155,84,50000,MC,4,-12,0.7915
P04155,84,50000,HC,5,-15,0.5913
P04155,84,50000,SA,5,-23,0.7167
P04155,84,50000,MC,5,-15,0.7948
P04155,84,50000,HC,6,-13,0.5448
P04155,84,50000,SA,6,-22,0.7115
P04155,84,50000,MC,6,-14,0.7813
P04155,84,50000,HC,7,-13,0.6620
P04155,84,50000,SA,7,-19,0.7333
P04155,84,50000,MC,7,-15,0.8348
P04155,84,50000,HC,8,-20,0.6422
P04155,84,50000,SA,8,-20,0.7211
P04155,84,50000,MC,8,-14,0.8001
P04155,84,50000,HC,9,-18,0.7143
P04155,84,50000,SA,9,-22,0.7504
P04155,84,50000,MC,9,-14,0.8004
P04155,84,50000,HC,10,-19,0.6774
P04155,84,50000,SA,10,-23,0.7007
P04155,84,50000,MC,10,-13,0.7943
P04155,84,100000,HC,1,-13,1.3043
P04155,84,100000,SA,1,-24,1.4467
P04155,84,100000,MC,1,-16,1.6769
P04155,84,100000,HC,2,-15,1.2201
P04155,84,100000,SA,2,-22,1.5451
P04155,84,100000,MC,2,-14,1.6362
P04155,84,100000,HC,3,-19,1.3098
P04155,84,100000,SA,3,-24,1.4400
P04155,84,100000,MC,3,-15,1.5922
P04155,84,100000,HC,4,-13,1.3591
P04155,84,100000,SA,4,-24,1.4600
P04155,84,100000,MC,4,-15,1.6214
P04155,84,100000,HC,5,-16,1.3166
P04155,84,100000,SA,5,-20,1.3832
P04155,84,100000,MC,5,-16,1.5837
P04155,84,100000,HC,6,-8,1.5650
P04155,84,100000,SA,6,-25,1.4414
P04155,84,100000,MC,6,-14,1.6957
P04155,84,100000,HC,7,-17,1.3874
P04155,84,100000,SA,7,-24,1.5573
P04155,84,100000,MC,7,-16,1.5888
P04155,84,100000,HC,8,-17,1.1432
P04155,84,100000,SA,8,-21,1.4082
P04155,84,100000,MC,8,-15,1.5897
P04155,84,100000,HC,9,-14,1.2378
P04155,84,100000,SA,9,-23,1.4519
P04155,84,100000,MC,9,-15,1.5856
P04155,84,100000,HC,10,-16,1.2147
P04155,84,100000,SA,10,-21,1.4474
P04155,84,100000,MC,10,-12,1.5709
P04731,61,1000,HC,1,-8,0.0108
P04731,61,1000,SA,1,-10,0.0109
P04731,61,1000,MC,1,-10,0.0112
P04731,61,1000,HC,2,-9,0.0105
P04731,61,1000,SA,2,-8,0.0105
P04731,61,1000,MC,2,-7,0.0172
P04731,61,1000,HC,3,-9,0.0344
P04731,61,1000,SA,3,-14,0.0159
P04731,61,1000,MC,3,-5,0.0116
P04731,61,1000,HC,4,-8,0.0111
P04731,61,1000,SA,4,-10,0.0108
P04731,61,1000,MC,4,-4,0.0113
P04731,61,1000,HC,5,-12,0.0108
P04731,61,1000,SA,5,-8,0.0102
P04731,61,1000,MC,5,-5,0.0112
P04731,61,1000,HC,6,-7,0.0104
P04731,61,1000,SA,6,-10,0.0112
P04731,61,1000,MC,6,-6,0.0116
P04731,61,1000,HC,7,-6,0.0105
P04731,61,1000,SA,7,-10,0.0112
P04731,61,1000,MC,7,-9,0.0115
P04731,61,1000,HC,8,-10,0.0106
P04731,61,1000,SA,8,-10,0.0112
P04731,61,1000,MC,8,-9,0.0108
P04731,61,1000,HC,9,-9,0.0106
P04731,61,1000,SA,9,-8,0.0107
P04731,61,1000,MC,9,-5,0.0121
P04731,61,1000,HC,10,-8,0.0098
P04731,61,1000,SA,10,-9,0.0111
P04731,61,1000,MC,10,-5,0.0113
P04731,61,10000,HC,1,-10,0.1027
P04731,61,10000,SA,1,-14,0.0994
P04731,61,10000,MC,1,-12,0.1109
P04731,61,10000,HC,2,-17,0.0958
P04731,61,10000,SA,2,-13,0.1040
P04731,61,10000,MC,2,-10,0.1125
P04731,61,10000,HC,3,-11,0.1011
P04731,61,10000,SA,3,-17,0.1052
P04731,61,10000,MC,3,-9,0.1129
P04731,61,10000,HC,4,-10,0.0948
P04731,61,10000,SA,4,-16,0.1048
P04731,61,10000,MC,4,-8,0.1111
P04731,61,10000,HC,5,-10,0.1006
P04731,61,10000,SA,5,-12,0.1042
P04731,61,10000,MC,5,-8,0.1115
P04731,61,10000,HC,6,-11,0.0951
P04731,61,10000,SA,6,-16,0.1077
P04731,61,10000,MC,6,-10,0.1129
P04731,61,10000,HC,7,-14,0.0947
P04731,61,10000,SA,7,-13,0.1021
P04731,61,10000,MC,7,-9,0.1138
P04731,61,10000,HC,8,-11,0.0978
P04731,61,10000,SA,8,-12,0.1050
P04731,61,10000,MC,8,-9,0.1118
P04731,61,10000,HC,9,-11,0.0875
P04731,61,10000,SA,9,-10,0.1013
P04731,61,10000,MC,9,-10,0.1125
P04731,61,10000,HC,10,-11,0.0957
P04731,61,10000,SA,10,-13,0.1018
P04731,61,10000,MC,10,-10,0.1112
P04731,61,50000,HC,1,-13,0.4266
P04731,61,50000,SA,1,-15,0.5213
P04731,61,50000,MC,1,-10,0.5577
P04731,61,50000,HC,2,-13,0.4922
P04731,61,50000,SA,2,-17,0.4948
P04731,61,50000,MC,2,-11,0.5642
P04731,61,50000,HC,3,-15,0.4634
P04731,61,50000,SA,3,-15,0.5278
P04731,61,50000,MC,3,-11,0.5691
P04731,61,50000,HC,4,-14,0.4443
P04731,61,50000,SA,4,-14,0.5076
P04731,61,50000,MC,4,-9,0.5589
P04731,61,50000,HC,5,-10,0.4967
P04731,61,50000,SA,5,-13,0.5148
P04731,61,50000,MC,5,-11,0.5699
P04731,61,50000,HC,6,-11,0.4860
P04731,61,50000,SA,6,-15,0.5253
P04731,61,50000,MC,6,-10,0.5699
P04731,61,50000,HC,7,-13,0.4862
P04731,61,50000,SA,7,-16,0.5043
P04731,61,50000,MC,7,-10,0.5657
P04731,61,50000,HC,8,-12,0.4964
P04731,61,50000,SA,8,-13,0.5384
P04731,61,50000,MC,8,-9,0.5673
P04731,61,50000,HC,9,-9,0.5025
P04731,61,50000,SA,9,-14,0.5152
P04731,61,50000,MC,9,-10,0.5668
P04731,61,50000,HC,10,-13,0.4564
P04731,61,50000,SA,10,-14,0.5321
P04731,61,50000,MC,10,-11,0.5608
P04731,61,100000,HC,1,-9,1.0348
P04731,61,100000,SA,1,-17,1.0071
P04731,61,100000,MC,1,-12,1.1384
P04731,61,100000,HC,2,-13,0.9337
P04731,61,100000,SA,2,-16,1.0151
P04731,61,100000,MC,2,-11,1.1313
P04731,61,100000,HC,3,-8,0.8843
P04731,61,100000,SA,3,-17,1.0209
P04731,61,100000,MC,3,-10,1.1549
P04731,61,100000,HC,4,-13,0.9745
P04731,61,100000,SA,4,-15,1.0281
P04731,61,100000,MC,4,-11,1.1720
P04731,61,100000,HC,5,-11,0.9105
P04731,61,100000,SA,5,-15,1.1090
P04731,61,100000,MC,5,-11,1.1832
P04731,61,100000,HC,6,-13,1.0245
P04731,61,100000,SA,6,-16,1.0684
P04731,61,100000,MC,6,-11,1.1668
P04731,61,100000,HC,7,-13,0.9443
P04731,61,100000,SA,7,-15,1.0000
P04731,61,100000,MC,7,-10,1.1823
P04731,61,100000,HC,8,-9,0.9496
P04731,61,100000,SA,8,-17,1.0964
P04731,61,100000,MC,8,-11,1.1439
P04731,61,100000,HC,9,-13,0.9002
P04731,61,100000,SA,9,-14,1.0489
P04731,61,100000,MC,9,-10,1.1290
P04731,61,100000,HC,10,-11,0.8761
P04731,61,100000,SA,10,-16,1.0917
P04731,61,100000,MC,10,-12,1.1290
P05204,90,1000,HC,1,-4,0.0130
P05204,90,1000,SA,1,-3,0.0141
P05204,90,1000,MC,1,-2,0.0132
P05204,90,1000,HC,2,-5,0.0128
P05204,90,1000,SA,2,-6,0.0142
P05204,90,1000,MC,2,-3,0.0354
P05204,90,1000,HC,3,-3,0.0194
P05204,90,1000,SA,3,-4,0.0133
P05204,90,1000,MC,3,-3,0.0134
P05204,90,1000,HC,4,-7,0.0128
P05204,90,1000,SA,4,-3,0.0136
P05204,90,1000,MC,4,-4,0.0136
P05204,90,1000,HC,5,-5,0.0138
P05204,90,1000,SA,5,-4,0.0136
P05204,90,1000,MC,5,-2,0.0138
P05204,90,1000,HC,6,-5,0.0124
P05204,90,1000,SA,6,-5,0.0134
P05204,90,1000,MC,6,-3,0.0142
P05204,90,1000,HC,7,-3,0.0133
P05204,90,1000,SA,7,-3,0.0140
P05204,90,1000,MC,7,-3,0.0134
P05204,90,1000,HC,8,-6,0.0127
P05204,90,1000,SA,8,-5,0.0139
P05204,90,1000,MC,8,-4,0.0140
P05204,90,1000,HC,9,-6,0.0129
P05204,90,1000,SA,9,-4,0.0133
P05204,90,1000,MC,9,-5,0.0136
P05204,90,1000,HC,10,-9,0.0126
P05204,90,1000,SA,10,-4,0.0142
P05204,90,1000,MC,10,-4,0.0132
P05204,90,10000,HC,1,-10,0.1160
P05204,90,10000,SA,1,-8,0.1233
P05204,90,10000,MC,1,-5,0.1325
P05204,90,10000,HC,2,-10,0.1341
P05204,90,10000,SA,2,-11,0.1306
P05204,90,10000,MC,2,-7,0.1330
P05204,90,10000,HC,3,-10,0.1165
P05204,90,10000,SA,3,-7,0.1313
P05204,90,10000,MC,3,-5,0.1347
P05204,90,10000,HC,4,-8,0.1227
P05204,90,10000,SA,4,-9,0.1298
P05204,90,10000,MC,4,-5,0.1335
P05204,90,10000,HC,5,-7,0.1185
P05204,90,10000,SA,5,-6,0.1303
P05204,90,10000,MC,5,-5,0.1340
P05204,90,10000,HC,6,-8,0.1221
P05204,90,10000,SA,6,-7,0.1338
P05204,90,10000,MC,6,-5,0.1329
P05204,90,10000,HC,7,-7,0.1222
P05204,90,10000,SA,7,-7,0.1342
P05204,90,10000,MC,7,-4,0.1329
P05204,90,10000,HC,8,-8,0.1200
P05204,90,10000,SA,8,-10,0.1332
P05204,90,10000,MC,8,-5,0.1345
P05204,90,10000,HC,9,-10,0.1297
P05204,90,10000,SA,9,-9,0.1323
P05204,90,10000,MC,9,-4,0.1337
P05204,90,10000,HC,10,-9,0.1281
P05204,90,10000,SA,10,-10,0.1289
P05204,90,10000,MC,10,-8,0.1334
P05204,90,50000,HC,1,-6,0.5762
P05204,90,50000,SA,1,-6,0.6424
P05204,90,50000,MC,1,-5,0.6629
P05204,90,50000,HC,2,-11,0.5856
P05204,90,50000,SA,2,-10,0.6154
P05204,90,50000,MC,2,-6,0.6665
P05204,90,50000,HC,3,-11,0.6007
P05204,90,50000,SA,3,-10,0.6444
P05204,90,50000,MC,3,-5,0.6667
P05204,90,50000,HC,4,-10,0.5717
P05204,90,50000,SA,4,-12,0.6398
P05204,90,50000,MC,4,-6,0.6631
P05204,90,50000,HC,5,-10,0.6109
P05204,90,50000,SA,5,-11,0.6615
P05204,90,50000,MC,5,-5,0.6782
P05204,90,50000,HC,6,-9,0.5859
P05204,90,50000,SA,6,-11,0.6489
P05204,90,50000,MC,6,-5,0.6652
P05204,90,50000,HC,7,-9,0.5842
P05204,90,50000,SA,7,-9,0.6639
P05204,90,50000,MC,7,-5,0.6692
P05204,90,50000,HC,8,-8,0.5672
P05204,90,50000,SA,8,-12,0.6479
P05204,90,50000,MC,8,-5,0.6596
P05204,90,50000,HC,9,-8,0.6438
P05204,90,50000,SA,9,-11,0.6321
P05204,90,50000,MC,9,-7,0.6652
P05204,90,50000,HC,10,-8,0.6172
P05204,90,50000,SA,10,-8,0.6642
P05204,90,50000,MC,10,-6,0.6705
P05204,90,100000,HC,1,-9,1.1630
P05204,90,100000,SA,1,-12,1.2632
P05204,90,100000,MC,1,-6,1.3276
P05204,90,100000,HC,2,-10,1.0566
P05204,90,100000,SA,2,-12,1.2537
P05204,90,100000,MC,2,-6,1.3297
P05204,90,100000,HC,3,-9,1.1488
P05204,90,100000,SA,3,-10,1.2575
P05204,90,100000,MC,3,-5,1.3397
P05204,90,100000,HC,4,-11,1.1775
P05204,90,100000,SA,4,-11,1.2766
P05204,90,100000,MC,4,-5,1.3505
P05204,90,100000,HC,5,-12,1.1672
P05204,90,100000,SA,5,-10,1.2663
P05204,90,100000,MC,5,-5,1.3270
P05204,90,100000,HC,6,-10,1.1960
P05204,90,100000,SA,6,-12,1.2661
P05204,90,100000,MC,6,-6,1.3479
P05204,90,100000,HC,7,-9,1.1461
P05204,90,100000,SA,7,-10,1.2829
P05204,90,100000,MC,7,-5,1.3280
P05204,90,100000,HC,8,-10,1.1971
P05204,90,100000,SA,8,-12,1.3063
P05204,90,100000,MC,8,-6,1.3305
P05204,90,100000,HC,9,-9,1.0438
P05204,90,100000,SA,9,-11,1.2770
P05204,90,100000,MC,9,-6,1.3280
P05204,90,100000,HC,10,-8,1.1174
P05204,90,100000,SA,10,-10,1.2625
P05204,90,100000,MC,10,-6,1.3294
P06028,91,1000,HC,1,-21,0.0171
P06028,91,1000,SA,1,-19,0.0167
P06028,91,1000,MC,1,-7,0.0175
P06028,91,1000,HC,2,-19,0.0172
P06028,91,1000,SA,2,-20,0.0176
P06028,91,1000,MC,2,-10,0.0185
P06028,91,1000,HC,3,-20,0.0156
P06028,91,1000,SA,3,-17,0.0168
P06028,91,1000,MC,3,-11,0.0174
P06028,91,1000,HC,4,-16,0.0148
P06028,91,1000,SA,4,-15,0.0168
P06028,91,1000,MC,4,-12,0.0182
P06028,91,1000,HC,5,-15,0.0153
P06028,91,1000,SA,5,-22,0.0178
P06028,91,1000,MC,5,-10,0.0180
P06028,91,1000,HC,6,-19,0.0162
P06028,91,1000,SA,6,-16,0.0172
P06028,91,1000,MC,6,-14,0.0175
P06028,91,1000,HC,7,-21,0.0167
P06028,91,1000,SA,7,-20,0.0168
P06028,91,1000,MC,7,-11,0.0171
P06028,91,1000,HC,8,-18,0.0162
P06028,91,1000,SA,8,-17,0.0160
P06028,91,1000,MC,8,-16,0.0179
P06028,91,1000,HC,9,-17,0.0171
P06028,91,1000,SA,9,-12,0.0163
P06028,91,1000,MC,9,-14,0.0174
P06028,91,1000,HC,10,-17,0.0167
P06028,91,1000,SA,10,-20,0.0165
P06028,91,1000,MC,10,-8,0.0180
P06028,91,10000,HC,1,-23,0.1463
P06028,91,10000,SA,1,-23,0.1482
P06028,91,10000,MC,1,-16,0.1731
P06028,91,10000,HC,2,-22,0.1472
P06028,91,10000,SA,2,-23,0.1588
P06028,91,10000,MC,2,-17,0.1744
P06028,91,10000,HC,3,-17,0.1421
P06028,91,10000,SA,3,-23,0.1595
P06028,91,10000,MC,3,-16,0.1734
P06028,91,10000,HC,4,-16,0.1474
P06028,91,10000,SA,4,-24,0.1527
P06028,91,10000,MC,4,-18,0.1736
P06028,91,10000,HC,5,-19,0.1380
P06028,91,10000,SA,5,-24,0.1586
P06028,91,10000,MC,5,-15,0.1737
P06028,91,10000,HC,6,-22,0.1416
P06028,91,10000,SA,6,-25,0.1648
P06028,91,10000,MC,6,-21,0.1735
P06028,91,10000,HC,7,-19,0.1544
P06028,91,10000,SA,7,-22,0.1619
P06028,91,10000,MC,7,-16,0.1725
P06028,91,10000,HC,8,-18,0.1374
P06028,91,10000,SA,8,-25,0.1612
P06028,91,10000,MC,8,-16,0.1756
P06028,91,10000,HC,9,-20,0.1443
P06028,91,10000,SA,9,-24,0.1545
P06028,91,10000,MC,9,-16,0.1742
P06028,91,10000,HC,10,-21,0.1507
P06028,91,10000,SA,10,-18,0.1436
P06028,91,10000,MC,10,-16,0.1760
P06028,91,50000,HC,1,-21,0.7659
P06028,91,50000,SA,1,-26,0.7698
P06028,91,50000,MC,1,-18,0.8604
P06028,91,50000,HC,2,-23,0.6758
P06028,91,50000,SA,2,-19,0.7477
P06028,91,50000,MC,2,-20,0.8593
P06028,91,50000,HC,3,-21,0.6554
P06028,91,50000,SA,3,-25,0.7686
P06028,91,50000,MC,3,-17,0.8600
P06028,91,50000,HC,4,-21,0.7237
P06028,91,50000,SA,4,-26,0.7754
P06028,91,50000,MC,4,-17,0.8592
P06028,91,50000,HC,5,-23,0.7239
P06028,91,50000,SA,5,-24,0.7264
P06028,91,50000,MC,5,-18,0.8690
P06028,91,50000,HC,6,-25,0.7155
P06028,91,50000,SA,6,-24,0.7794
P06028,91,50000,MC,6,-21,0.8684
P06028,91,50000,HC,7,-20,0.6812
P06028,91,50000,SA,7,-26,0.7744
P06028,91,50000,MC,7,-16,0.8632
P06028,91,50000,HC,8,-22,0.6159
P06028,91,50000,SA,8,-28,0.8174
P06028,91,50000,MC,8,-18,0.8644
P06028,91,50000,HC,9,-20,0.6682
P06028,91,50000,SA,9,-26,0.7773
P06028,91,50000,MC,9,-18,0.8671
P06028,91,50000,HC,10,-16,0.7090
P06028,91,50000,SA,10,-26,0.7656
P06028,91,50000,MC,10,-17,0.8667
P06028,91,100000,HC,1,-23,1.2884
P06028,91,100000,SA,1,-26,1.6224
P06028,91,100000,MC,1,-18,1.7504
P06028,91,100000,HC,2,-21,1.5108
P06028,91,100000,SA,2,-28,1.5364
P06028,91,100000,MC,2,-19,1.7273
P06028,91,100000,HC,3,-21,1.3998
P06028,91,100000,SA,3,-31,1.4969
P06028,91,100000,MC,3,-19,1.7207
P06028,91,100000,HC,4,-21,1.5018
P06028,91,100000,SA,4,-27,1.5129
P06028,91,100000,MC,4,-20,1.7306
P06028,91,100000,HC,5,-27,1.2819
P06028,91,100000,SA,5,-27,1.5296
P06028,91,100000,MC,5,-19,1.7320
P06028,91,100000,HC,6,-21,1.4276
P06028,91,100000,SA,6,-27,1.6046
P06028,91,100000,MC,6,-20,1.7458
P06028,91,100000,HC,7,-23,1.4892
P06028,91,100000,SA,7,-27,1.5901
P06028,91,100000,MC,7,-19,1.7293
P06028,91,100000,HC,8,-21,1.4417
P06028,91,100000,SA,8,-29,1.5473
P06028,91,100000,MC,8,-21,1.7228
P06028,91,100000,HC,9,-24,1.3094
P06028,91,100000,SA,9,-29,1.5512
P06028,91,100000,MC,9,-20,1.7337
P06028,91,100000,HC,10,-16,1.4456
P06028,91,100000,SA,10,-27,1.4867
P06028,91,100000,MC,10,-18,1.7340
P07438,61,1000,HC,1,-14,0.0101
P07438,61,1000,SA,1,-12,0.0104
P07438,61,1000,MC,1,-8,0.0112
P07438,61,1000,HC,2,-6,0.0101
P07438,61,1000,SA,2,-11,0.0106
P07438,61,1000,MC,2,-6,0.0251
P07438,61,1000,HC,3,-9,0.0238
P07438,61,1000,SA,3,-9,0.0139
P07438,61,1000,MC,3,-6,0.0120
P07438,61,1000,HC,4,-13,0.0115
P07438,61,1000,SA,4,-12,0.0116
P07438,61,1000,MC,4,-7,0.0116
P07438,61,1000,HC,5,-15,0.0101
P07438,61,1000,SA,5,-13,0.0109
P07438,61,1000,MC,5,-6,0.0122
P07438,61,1000,HC,6,-15,0.0110
P07438,61,1000,SA,6,-13,0.0112
P07438,61,1000,MC,6,-8,0.0115
P07438,61,1000,HC,7,-9,0.0101
P07438,61,1000,SA,7,-11,0.0111
P07438,61,1000,MC,7,-8,0.0114
P07438,61,1000,HC,8,-12,0.0107
P07438,61,1000,SA,8,-15,0.0113
P07438,61,1000,MC,8,-5,0.0113
P07438,61,1000,HC,9,-6,0.0109
P07438,61,1000,SA,9,-12,0.0113
P07438,61,1000,MC,9,-10,0.0114
P07438,61,1000,HC,10,-11,0.0105
P07438,61,1000,SA,10,-13,0.0110
P07438,61,1000,MC,10,-6,0.0113
P07438,61,10000,HC,1,-14,0.0950
P07438,61,10000,SA,1,-15,0.1026
P07438,61,10000,MC,1,-8,0.1147
P07438,61,10000,HC,2,-13,0.0973
P07438,61,10000,SA,2,-14,0.1058
P07438,61,10000,MC,2,-9,0.1137
P07438,61,10000,HC,3,-14,0.1017
P07438,61,10000,SA,3,-15,0.1070
P07438,61,10000,MC,3,-10,0.1137
P07438,61,10000,HC,4,-8,0.0943
P07438,61,10000,SA,4,-16,0.1048
P07438,61,10000,MC,4,-9,0.1142
P07438,61,10000,HC,5,-13,0.0920
P07438,61,10000,SA,5,-13,0.1067
P07438,61,10000,MC,5,-10,0.1128
P07438,61,10000,HC,6,-14,0.0981
P07438,61,10000,SA,6,-17,0.1029
P07438,61,10000,MC,6,-10,0.1146
P07438,61,10000,HC,7,-13,0.0912
P07438,61,10000,SA,7,-11,0.1002
P07438,61,10000,MC,7,-9,0.1121
P07438,61,10000,HC,8,-13,0.0992
P07438,61,10000,SA,8,-19,0.1071
P07438,61,10000,MC,8,-9,0.1133
P07438,61,10000,HC,9,-11,0.0933
P07438,61,10000,SA,9,-13,0.1030
P07438,61,10000,MC,9,-12,0.1159
P07438,61,10000,HC,10,-13,0.1035
P07438,61,10000,SA,10,-14,0.1008
P07438,61,10000,MC,10,-11,0.1150
P07438,61,50000,HC,1,-10,0.4967
P07438,61,50000,SA,1,-14,0.5166
P07438,61,50000,MC,1,-11,0.5695
P07438,61,50000,HC,2,-15,0.3980
P07438,61,50000,SA,2,-16,0.5068
P07438,61,50000,MC,2,-11,0.5678
P07438,61,50000,HC,3,-15,0.4724
P07438,61,50000,SA,3,-12,0.5090
P07438,61,50000,MC,3,-11,0.5689
P07438,61,50000,HC,4,-10,0.4733
P07438,61,50000,SA,4,-18,0.5157
P07438,61,50000,MC,4,-12,0.5617
P07438,61,50000,HC,5,-12,0.4865
P07438,61,50000,SA,5,-17,0.5473
P07438,61,50000,MC,5,-11,0.5702
P07438,61,50000,HC,6,-16,0.4875
P07438,61,50000,SA,6,-18,0.5339
P07438,61,50000,MC,6,-12,0.5630
P07438,61,50000,HC,7,-7,0.5360
P07438,61,50000,SA,7,-16,0.5108
P07438,61,50000,MC,7,-11,0.5722
P07438,61,50000,HC,8,-8,0.4978
P07438,61,50000,SA,8,-14,0.5091
P07438,61,50000,MC,8,-12,0.5674
P07438,61,50000,HC,9,-8,0.4677
P07438,61,50000,SA,9,-13,0.5177
P07438,61,50000,MC,9,-10,0.5641
P07438,61,50000,HC,10,-11,0.4861
P07438,61,50000,SA,10,-14,0.5105
P07438,61,50000,MC,10,-10,0.5636
P07438,61,100000,HC,1,-15,0.9992
P07438,61,100000,SA,1,-15,1.0277
P07438,61,100000,MC,1,-11,1.1309
P07438,61,100000,HC,2,-17,0.9937
P07438,61,100000,SA,2,-17,1.0405
P07438,61,100000,MC,2,-11,1.1381
P07438,61,100000,HC,3,-12,0.8730
P07438,61,100000,SA,3,-15,1.0367
P07438,61,100000,MC,3,-11,1.1378
P07438,61,100000,HC,4,-15,0.8179
P07438,61,100000,SA,4,-15,1.0078
P07438,61,100000,MC,4,-11,1.1336
P07438,61,100000,HC,5,-13,0.9325
P07438,61,100000,SA,5,-14,1.0665
P07438,61,100000,MC,5,-12,1.1315
P07438,61,100000,HC,6,-11,0.8632
P07438,61,100000,SA,6,-15,1.0635
P07438,61,100000,MC,6,-10,1.1389
P07438,61,100000,HC,7,-12,0.9749
P07438,61,100000,SA,7,-17,0.9633
P07438,61,100000,MC,7,-12,1.1285
P07438,61,100000,HC,8,-13,0.9954
P07438,61,100000,SA,8,-15,1.0428
P07438,61,100000,MC,8,-11,1.1290
P07438,61,100000,HC,9,-15,0.9642
P07438,61,100000,SA,9,-16,1.0418
P07438,61,100000,MC,9,-12,1.1355
P07438,61,100000,HC,10,-10,0.9630
P07438,61,100000,SA,10,-17,0.9993
P07438,61,100000,MC,10,-12,1.1391
P10176,69,1000,HC,1,-14,0.0122
P10176,69,1000,SA,1,-15,0.0121
P10176,69,1000,MC,1,-9,0.0130
P10176,69,1000,HC,2,-15,0.0117
P10176,69,1000,SA,2,-15,0.0133
P10176,69,1000,MC,2,-10,0.0133
P10176,69,1000,HC,3,-14,0.0117
P10176,69,1000,SA,3,-10,0.0118
P10176,69,1000,MC,3,-13,0.0135
P10176,69,1000,HC,4,-10,0.0116
P10176,69,1000,SA,4,-16,0.0128
P10176,69,1000,MC,4,-9,0.0122
P10176,69,1000,HC,5,-14,0.0123
P10176,69,1000,SA,5,-13,0.0122
P10176,69,1000,MC,5,-8,0.0130
P10176,69,1000,HC,6,-14,0.0113
P10176,69,1000,SA,6,-16,0.0121
P10176,69,1000,MC,6,-8,0.0133
P10176,69,1000,HC,7,-14,0.0113
P10176,69,1000,SA,7,-9,0.0132
P10176,69,1000,MC,7,-11,0.0133
P10176,69,1000,HC,8,-17,0.0116
P10176,69,1000,SA,8,-14,0.0389
P10176,69,1000,MC,8,-7,0.0216
P10176,69,1000,HC,9,-14,0.0129
P10176,69,1000,SA,9,-12,0.0127
P10176,69,1000,MC,9,-6,0.0136
P10176,69,1000,HC,10,-13,0.0123
P10176,69,1000,SA,10,-16,0.0152
P10176,69,1000,MC,10,-7,0.0143
P10176,69,10000,HC,1,-17,0.1108
P10176,69,10000,SA,1,-15,0.1105
P10176,69,10000,MC,1,-13,0.1247
P10176,69,10000,HC,2,-16,0.1079
P10176,69,10000,SA,2,-14,0.1164
P10176,69,10000,MC,2,-12,0.1287
P10176,69,10000,HC,3,-4,0.1047
P10176,69,10000,SA,3,-21,0.1157
P10176,69,10000,MC,3,-10,0.1255
P10176,69,10000,HC,4,-14,0.1001
P10176,69,10000,SA,4,-21,0.1160
P10176,69,10000,MC,4,-11,0.1277
P10176,69,10000,HC,5,-14,0.1084
P10176,69,10000,SA,5,-19,0.1158
P10176,69,10000,MC,5,-12,0.1278
P10176,69,10000,HC,6,-15,0.1060
P10176,69,10000,SA,6,-21,0.1118
P10176,69,10000,MC,6,-12,0.1451
P10176,69,10000,HC,7,-11,0.1060
P10176,69,10000,SA,7,-21,0.1183
P10176,69,10000,MC,7,-10,0.1275
P10176,69,10000,HC,8,-16,0.1024
P10176,69,10000,SA,8,-15,0.1165
P10176,69,10000,MC,8,-13,0.1258
P10176,69,10000,HC,9,-14,0.0991
P10176,69,10000,SA,9,-20,0.1170
P10176,69,10000,MC,9,-13,0.1263
P10176,69,10000,HC,10,-13,0.1080
P10176,69,10000,SA,10,-18,0.1122
P10176,69,10000,MC,10,-11,0.1265
P10176,69,50000,HC,1,-13,0.5217
P10176,69,50000,SA,1,-21,0.5635
P10176,69,50000,MC,1,-13,0.6279
P10176,69,50000,HC,2,-19,0.4974
P10176,69,50000,SA,2,-19,0.5740
P10176,69,50000,MC,2,-13,0.6290
P10176,69,50000,HC,3,-17,0.5185
P10176,69,50000,SA,3,-22,0.5918
P10176,69,50000,MC,3,-12,0.6313
P10176,69,50000,HC,4,-15,0.5282
P10176,69,50000,SA,4,-21,0.5752
P10176,69,50000,MC,4,-12,0.6325
P10176,69,50000,HC,5,-16,0.4909
P10176,69,50000,SA,5,-22,0.5831
P10176,69,50000,MC,5,-13,0.6271
P10176,69,50000,HC,6,-17,0.5196
P10176,69,50000,SA,6,-21,0.5841
P10176,69,50000,MC,6,-14,0.6255
P10176,69,50000,HC,7,-20,0.5242
P10176,69,50000,SA,7,-18,0.5653
P10176,69,50000,MC,7,-13,0.6307
P10176,69,50000,HC,8,-15,0.5223
P10176,69,50000,SA,8,-19,0.6313
P10176,69,50000,MC,8,-12,0.6347
P10176,69,50000,HC,9,-15,0.5161
P10176,69,50000,SA,9,-21,0.5706
P10176,69,50000,MC,9,-14,0.6277
P10176,69,50000,HC,10,-17,0.5142
P10176,69,50000,SA,10,-21,0.5890
P10176,69,50000,MC,10,-12,0.6326
P10176,69,100000,HC,1,-11,1.0793
P10176,69,100000,SA,1,-20,1.1483
P10176,69,100000,MC,1,-14,1.2528
P10176,69,100000,HC,2,-12,1.1466
P10176,69,100000,SA,2,-20,1.1430
P10176,69,100000,MC,2,-14,1.2643
P10176,69,100000,HC,3,-16,1.0228
P10176,69,100000,SA,3,-23,1.1372
P10176,69,100000,MC,3,-14,1.2585
P10176,69,100000,HC,4,-19,1.0912
P10176,69,100000,SA,4,-23,1.1310
P10176,69,100000,MC,4,-12,1.2843
P10176,69,100000,HC,5,-16,0.9937
P10176,69,100000,SA,5,-16,1.1567
P10176,69,100000,MC,5,-14,1.2674
P10176,69,100000,HC,6,-17,0.9185
P10176,69,100000,SA,6,-20,1.2021
P10176,69,100000,MC,6,-13,1.2584
P10176,69,100000,HC,7,-10,1.1176
P10176,69,100000,SA,7,-24,1.1564
P10176,69,100000,MC,7,-14,1.2596
P10176,69,100000,HC,8,-14,1.0926
P10176,69,100000,SA,8,-21,1.1815
P10176,69,100000,MC,8,-13,1.2540
P10176,69,100000,HC,9,-12,0.9805
P10176,69,100000,SA,9,-21,1.1408
P10176,69,100000,MC,9,-12,1.2813
P10176,69,100000,HC,10,-17,0.9649
P10176,69,100000,SA,10,-17,1.1029
P10176,69,100000,MC,10,-15,1.2930
P29034,98,1000,HC,1,-17,0.0175
P29034,98,1000,SA,1,-14,0.0177
P29034,98,1000,MC,1,-11,0.0178
P29034,98,1000,HC,2,-18,0.0164
P29034,98,1000,SA,2,-13,0.0168
P29034,98,1000,MC,2,-6,0.0184
P29034,98,1000,HC,3,-13,0.0161
P29034,98,1000,SA,3,-14,0.0163
P29034,98,1000,MC,3,-10,0.0185
P29034,98,1000,HC,4,-14,0.0170
P29034,98,1000,SA,4,-10,0.0168
P29034,98,1000,MC,4,-10,0.0170
P29034,98,1000,HC,5,-10,0.0166
P29034,98,1000,SA,5,-15,0.0173
P29034,98,1000,MC,5,-11,0.0174
P29034,98,1000,HC,6,-12,0.0160
P29034,98,1000,SA,6,-12,0.0172
P29034,98,1000,MC,6,-8,0.0180
P29034,98,1000,HC,7,-10,0.0151
P29034,98,1000,SA,7,-13,0.0174
P29034,98,1000,MC,7,-10,0.0178
P29034,98,1000,HC,8,-11,0.0151
P29034,98,1000,SA,8,-17,0.0165
P29034,98,1000,MC,8,-8,0.0177
P29034,98,1000,HC,9,-10,0.0147
P29034,98,1000,SA,9,-12,0.0171
P29034,98,1000,MC,9,-13,0.0176
P29034,98,1000,HC,10,-15,0.0166
P29034,98,1000,SA,10,-17,0.0171
P29034,98,1000,MC,10,-7,0.0181
P29034,98,10000,HC,1,-20,0.1489
P29034,98,10000,SA,1,-24,0.1892
P29034,98,10000,MC,1,-11,0.1754
P29034,98,10000,HC,2,-25,0.1446
P29034,98,10000,SA,2,-22,0.1591
P29034,98,10000,MC,2,-14,0.1715
P29034,98,10000,HC,3,-20,0.1458
P29034,98,10000,SA,3,-27,0.1655
P29034,98,10000,MC,3,-13,0.1715
P29034,98,10000,HC,4,-19,0.1410
P29034,98,10000,SA,4,-22,0.1581
P29034,98,10000,MC,4,-12,0.1709
P29034,98,10000,HC,5,-17,0.1357
P29034,98,10000,SA,5,-22,0.1642
P29034,98,10000,MC,5,-11,0.1694
P29034,98,10000,HC,6,-15,0.1366
P29034,98,10000,SA,6,-19,0.1527
P29034,98,10000,MC,6,-12,0.1705
P29034,98,10000,HC,7,-20,0.1365
P29034,98,10000,SA,7,-24,0.1665
P29034,98,10000,MC,7,-13,0.1765
P29034,98,10000,HC,8,-20,0.1538
P29034,98,10000,SA,8,-22,0.1686
P29034,98,10000,MC,8,-12,0.1746
P29034,98,10000,HC,9,-24,0.1418
P29034,98,10000,SA,9,-22,0.1607
P29034,98,10000,MC,9,-13,0.1717
P29034,98,10000,HC,10,-16,0.1356
P29034,98,10000,SA,10,-21,0.1558
P29034,98,10000,MC,10,-15,0.1714
P29034,98,50000,HC,1,-25,0.7909
P29034,98,50000,SA,1,-28,0.7904
P29034,98,50000,MC,1,-15,0.8553
P29034,98,50000,HC,2,-23,0.6742
P29034,98,50000,SA,2,-19,0.7539
P29034,98,50000,MC,2,-15,0.8471
P29034,98,50000,HC,3,-10,0.6857
P29034,98,50000,SA,3,-29,0.7598
P29034,98,50000,MC,3,-14,0.8501
P29034,98,50000,HC,4,-12,0.6628
P29034,98,50000,SA,4,-26,0.7764
P29034,98,50000,MC,4,-15,0.8520
P29034,98,50000,HC,5,-19,0.6897
P29034,98,50000,SA,5,-20,0.7487
P29034,98,50000,MC,5,-15,0.8528
P29034,98,50000,HC,6,-17,0.7260
P29034,98,50000,SA,6,-23,0.7855
P29034,98,50000,MC,6,-15,0.8515
P29034,98,50000,HC,7,-14,0.7439
P29034,98,50000,SA,7,-27,0.7864
P29034,98,50000,MC,7,-14,0.8480
P29034,98,50000,HC,8,-17,0.7136
P29034,98,50000,SA,8,-19,0.7688
P29034,98,50000,MC,8,-15,0.8478
P29034,98,50000,HC,9,-14,0.6625
P29034,98,50000,SA,9,-22,0.7749
P29034,98,50000,MC,9,-16,0.8466
P29034,98,50000,HC,10,-27,0.7443
P29034,98,50000,SA,10,-25,0.7864
P29034,98,50000,MC,10,-13,0.8512
P29034,98,100000,HC,1,-14,1.6210
P29034,98,100000,SA,1,-23,1.5146
P29034,98,100000,MC,1,-14,1.6966
P29034,98,100000,HC,2,-20,1.4204
P29034,98,100000,SA,2,-28,1.6314
P29034,98,100000,MC,2,-14,1.7110
P29034,98,100000,HC,3,-18,1.3524
P29034,98,100000,SA,3,-27,1.5814
P29034,98,100000,MC,3,-13,1.7306
P29034,98,100000,HC,4,-22,1.3430
P29034,98,100000,SA,4,-23,1.5105
P29034,98,100000,MC,4,-15,1.7655
P29034,98,100000,HC,5,-29,1.4513
P29034,98,100000,SA,5,-28,1.6078
P29034,98,100000,MC,5,-15,1.7056
P29034,98,100000,HC,6,-21,1.4348
P29034,98,100000,SA,6,-25,1.5490
P29034,98,100000,MC,6,-15,1.7296
P29034,98,100000,HC,7,-13,1.5687
P29034,98,100000,SA,7,-25,1.6189
P29034,98,100000,MC,7,-15,1.7460
P29034,98,100000,HC,8,-18,1.4404
P29034,98,100000,SA,8,-22,1.5559
P29034,98,100000,MC,8,-15,1.6972
P29034,98,100000,HC,9,-10,1.5322
P29034,98,100000,SA,9,-22,1.5894
P29034,98,100000,MC,9,-14,1.7139
P29034,98,100000,HC,10,-17,1.2362
P29034,98,100000,SA,10,-22,1.5874
P29034,98,100000,MC,10,-14,1.7093
P33763,92,1000,HC,1,-9,0.0158
P33763,92,1000,SA,1,-12,0.0158
P33763,92,1000,MC,1,-8,0.0167
P33763,92,1000,HC,2,-8,0.0156
P33763,92,1000,SA,2,-13,0.0168
P33763,92,1000,MC,2,-9,0.0159
P33763,92,1000,HC,3,-9,0.0163
P33763,92,1000,SA,3,-14,0.0163
P33763,92,1000,MC,3,-7,0.0160
P33763,92,1000,HC,4,-12,0.0149
P33763,92,1000,SA,4,-10,0.0153
P33763,92,1000,MC,4,-10,0.0160
P33763,92,1000,HC,5,-12,0.0147
P33763,92,1000,SA,5,-11,0.0154
P33763,92,1000,MC,5,-6,0.0162
P33763,92,1000,HC,6,-13,0.0148
P33763,92,1000,SA,6,-9,0.0157
P33763,92,1000,MC,6,-8,0.0157
P33763,92,1000,HC,7,-11,0.0147
P33763,92,1000,SA,7,-13,0.0158
P33763,92,1000,MC,7,-11,0.0165
P33763,92,1000,HC,8,-14,0.0160
P33763,92,1000,SA,8,-9,0.0157
P33763,92,1000,MC,8,-5,0.0171
P33763,92,1000,HC,9,-15,0.0152
P33763,92,1000,SA,9,-13,0.0153
P33763,92,1000,MC,9,-10,0.0159
P33763,92,1000,HC,10,-12,0.0144
P33763,92,1000,SA,10,-13,0.0168
P33763,92,1000,MC,10,-9,0.0160
P33763,92,10000,HC,1,-20,0.1402
P33763,92,10000,SA,1,-18,0.1434
P33763,92,10000,MC,1,-10,0.1576
P33763,92,10000,HC,2,-12,0.1429
P33763,92,10000,SA,2,-19,0.1500
P33763,92,10000,MC,2,-10,0.1960
P33763,92,10000,HC,3,-18,0.1302
P33763,92,10000,SA,3,-21,0.1502
P33763,92,10000,MC,3,-9,0.1576
P33763,92,10000,HC,4,-19,0.1442
P33763,92,10000,SA,4,-17,0.1530
P33763,92,10000,MC,4,-9,0.1605
P33763,92,10000,HC,5,-18,0.1375
P33763,92,10000,SA,5,-21,0.1535
P33763,92,10000,MC,5,-12,0.1586
P33763,92,10000,HC,6,-20,0.1393
P33763,92,10000,SA,6,-18,0.1532
P33763,92,10000,MC,6,-9,0.1603
P33763,92,10000,HC,7,-18,0.1341
P33763,92,10000,SA,7,-16,0.1473
P33763,92,10000,MC,7,-11,0.1581
P33763,92,10000,HC,8,-19,0.1319
P33763,92,10000,SA,8,-20,0.1459
P33763,92,10000,MC,8,-9,0.1588
P33763,92,10000,HC,9,-15,0.1333
P33763,92,10000,SA,9,-22,0.1514
P33763,92,10000,MC,9,-12,0.1981
P33763,92,10000,HC,10,-19,0.1374
P33763,92,10000,SA,10,-18,0.1425
P33763,92,10000,MC,10,-11,0.1598
P33763,92,50000,HC,1,-21,0.7271
P33763,92,50000,SA,1,-23,0.7811
P33763,92,50000,MC,1,-12,0.7941
P33763,92,50000,HC,2,-16,0.7487
P33763,92,50000,SA,2,-22,0.7562
P33763,92,50000,MC,2,-12,0.8583
P33763,92,50000,HC,3,-15,0.6980
P33763,92,50000,SA,3,-19,0.7631
P33763,92,50000,MC,3,-11,0.7965
P33763,92,50000,HC,4,-20,0.6190
P33763,92,50000,SA,4,-24,0.7590
P33763,92,50000,MC,4,-12,0.7937
P33763,92,50000,HC,5,-21,0.6394
P33763,92,50000,SA,5,-22,0.7768
P33763,92,50000,MC,5,-14,0.7948
P33763,92,50000,HC,6,-18,0.6943
P33763,92,50000,SA,6,-23,0.7705
P33763,92,50000,MC,6,-13,0.8058
P33763,92,50000,HC,7,-16,0.6674
P33763,92,50000,SA,7,-20,0.7684
P33763,92,50000,MC,7,-12,0.8037
P33763,92,50000,HC,8,-18,0.7197
P33763,92,50000,SA,8,-20,0.7325
P33763,92,50000,MC,8,-11,0.8036
P33763,92,50000,HC,9,-17,0.6780
P33763,92,50000,SA,9,-22,0.7661
P33763,92,50000,MC,9,-13,0.8257
P33763,92,50000,HC,10,-16,0.6812
P33763,92,50000,SA,10,-23,0.7885
P33763,92,50000,MC,10,-14,0.8536
P33763,92,100000,HC,1,-5,1.5380
P33763,92,100000,SA,1,-23,1.4024
P33763,92,100000,MC,1,-12,1.6226
P33763,92,100000,HC,2,-17,1.4398
P33763,92,100000,SA,2,-22,1.5156
P33763,92,100000,MC,2,-14,1.7347
P33763,92,100000,HC,3,-21,1.3340
P33763,92,100000,SA,3,-19,1.4096
P33763,92,100000,MC,3,-14,1.6145
P33763,92,100000,HC,4,-20,1.2862
P33763,92,100000,SA,4,-23,1.4861
P33763,92,100000,MC,4,-13,1.6237
P33763,92,100000,HC,5,-12,1.3960
P33763,92,100000,SA,5,-24,1.5229
P33763,92,100000,MC,5,-13,1.5851
P33763,92,100000,HC,6,-17,1.3075
P33763,92,100000,SA,6,-23,1.4877
P33763,92,100000,MC,6,-16,1.5794
P33763,92,100000,HC,7,-13,1.3521
P33763,92,100000,SA,7,-19,1.4565
P33763,92,100000,MC,7,-13,1.5850
P33763,92,100000,HC,8,-20,1.3532
P33763,92,100000,SA,8,-24,1.4871
P33763,92,100000,MC,8,-14,1.6442
P33763,92,100000,HC,9,-17,1.2770
P33763,92,100000,SA,9,-23,1.5260
P33763,92,100000,MC,9,-14,1.6529
P33763,92,100000,HC,10,-21,1.3676
P33763,92,100000,SA,10,-24,1.5892
P33763,92,100000,MC,10,-12,1.5711
P35321,89,1000,HC,1,-3,0.0134
P35321,89,1000,SA,1,-2,0.0136
P35321,89,1000,MC,1,-2,0.0132
P35321,89,1000,HC,2,-2,0.0134
P35321,89,1000,SA,2,-3,0.0144
P35321,89,1000,MC,2,-3,0.0135
P35321,89,1000,HC,3,-4,0.0124
P35321,89,1000,SA,3,-1,0.0129
P35321,89,1000,MC,3,-1,0.0129
P35321,89,1000,HC,4,-3,0.0131
P35321,89,1000,SA,4,-3,0.0137
P35321,89,1000,MC,4,-2,0.0128
P35321,89,1000,HC,5,-3,0.0128
P35321,89,1000,SA,5,-2,0.0130
P35321,89,1000,MC,5,-1,0.0136
P35321,89,1000,HC,6,-2,0.0139
P35321,89,1000,SA,6,-1,0.0128
P35321,89,1000,MC,6,-1,0.0132
P35321,89,1000,HC,7,-2,0.0130
P35321,89,1000,SA,7,-1,0.0132
P35321,89,1000,MC,7,-3,0.0133
P35321,89,1000,HC,8,-1,0.0130
P35321,89,1000,SA,8,-3,0.0132
P35321,89,1000,MC,8,-1,0.0132
P35321,89,1000,HC,9,-3,0.0129
P35321,89,1000,SA,9,-2,0.0130
P35321,89,1000,MC,9,-1,0.0135
P35321,89,1000,HC,10,-2,0.0128
P35321,89,1000,SA,10,-3,0.0126
P35321,89,1000,MC,10,-1,0.0130
P35321,89,10000,HC,1,-7,0.1190
P35321,89,10000,SA,1,-4,0.1232
P35321,89,10000,MC,1,-2,0.1299
P35321,89,10000,HC,2,-7,0.1216
P35321,89,10000,SA,2,-6,0.1257
P35321,89,10000,MC,2,-3,0.1291
P35321,89,10000,HC,3,-3,0.1185
P35321,89,10000,SA,3,-6,0.1247
P35321,89,10000,MC,3,-2,0.1294
P35321,89,10000,HC,4,-7,0.1208
P35321,89,10000,SA,4,-3,0.1248
P35321,89,10000,MC,4,-2,0.1290
P35321,89,10000,HC,5,-3,0.1083
P35321,89,10000,SA,5,-4,0.1289
P35321,89,10000,MC,5,-3,0.1297
P35321,89,10000,HC,6,-7,0.1182
P35321,89,10000,SA,6,-7,0.1270
P35321,89,10000,MC,6,-3,0.1299
P35321,89,10000,HC,7,-6,0.1248
P35321,89,10000,SA,7,-6,0.1297
P35321,89,10000,MC,7,-4,0.1279
P35321,89,10000,HC,8,-3,0.1174
P35321,89,10000,SA,8,-4,0.1312
P35321,89,10000,MC,8,-2,0.1294
P35321,89,10000,HC,9,-4,0.1257
P35321,89,10000,SA,9,-5,0.1245
P35321,89,10000,MC,9,-3,0.1288
P35321,89,10000,HC,10,-5,0.1186
P35321,89,10000,SA,10,-5,0.1295
P35321,89,10000,MC,10,-3,0.1299
P35321,89,50000,HC,1,-6,0.6118
P35321,89,50000,SA,1,-7,0.6308
P35321,89,50000,MC,1,-4,0.6457
P35321,89,50000,HC,2,-5,0.5521
P35321,89,50000,SA,2,-6,0.6220
P35321,89,50000,MC,2,-3,0.6375
P35321,89,50000,HC,3,-5,0.5568
P35321,89,50000,SA,3,-5,0.6106
P35321,89,50000,MC,3,-3,0.6419
P35321,89,50000,HC,4,-3,0.5445
P35321,89,50000,SA,4,-5,0.6186
P35321,89,50000,MC,4,-3,0.6413
P35321,89,50000,HC,5,-5,0.5730
P35321,89,50000,SA,5,-7,0.6148
P35321,89,50000,MC,5,-3,0.6452
P35321,89,50000,HC,6,-5,0.5848
P35321,89,50000,SA,6,-7,0.6187
P35321,89,50000,MC,6,-3,0.6408
P35321,89,50000,HC,7,-6,0.5479
P35321,89,50000,SA,7,-7,0.6469
P35321,89,50000,MC,7,-4,0.6580
P35321,89,50000,HC,8,-6,0.6151
P35321,89,50000,SA,8,-8,0.6150
P35321,89,50000,MC,8,-3,0.6496
P35321,89,50000,HC,9,-6,0.5876
P35321,89,50000,SA,9,-6,0.6336
P35321,89,50000,MC,9,-3,0.6459
P35321,89,50000,HC,10,-5,0.5509
P35321,89,50000,SA,10,-8,0.6181
P35321,89,50000,MC,10,-3,0.6509
P35321,89,100000,HC,1,-8,1.1358
P35321,89,100000,SA,1,-6,1.2460
P35321,89,100000,MC,1,-4,1.3215
P35321,89,100000,HC,2,-6,1.0977
P35321,89,100000,SA,2,-7,1.2397
P35321,89,100000,MC,2,-4,1.2904
P35321,89,100000,HC,3,-5,1.1112
P35321,89,100000,SA,3,-6,1.2248
P35321,89,100000,MC,3,-4,1.2952
P35321,89,100000,HC,4,-6,1.1777
P35321,89,100000,SA,4,-7,1.2652
P35321,89,100000,MC,4,-3,1.3213
P35321,89,100000,HC,5,-7,1.0599
P35321,89,100000,SA,5,-5,1.2994
P35321,89,100000,MC,5,-3,1.3202
P35321,89,100000,HC,6,-6,1.1353
P35321,89,100000,SA,6,-7,1.2994
P35321,89,100000,MC,6,-4,1.3101
P35321,89,100000,HC,7,-3,1.1357
P35321,89,100000,SA,7,-6,1.2729
P35321,89,100000,MC,7,-4,1.3236
P35321,89,100000,HC,8,-7,1.2029
P35321,89,100000,SA,8,-7,1.1813
P35321,89,100000,MC,8,-4,1.2913
P35321,89,100000,HC,9,-7,1.1831
P35321,89,100000,SA,9,-7,1.2665
P35321,89,100000,MC,9,-3,1.2900
P35321,89,100000,HC,10,-5,1.1740
P35321,89,100000,SA,10,-6,1.2883
P35321,89,100000,MC,10,-4,1.2946
